2025-12-31 18:57:41,596 [Worker-1: Loading available Gradle versions] INFO  o.e.b.c.i.u.g.PublishedGradleVersions - Gradle version information cache is not available. Remote download required.
2025-12-31 19:04:53,063 [Worker-8: Importing Maven projects] INFO  o.e.m.c.i.e.AbstractTransferListenerAdapter - Downloading https://repo.maven.apache.org/maven2/org/springframework/boot/spring-boot-starter-parent/4.0.1/spring-boot-starter-parent-4.0.1.pom
2025-12-31 19:04:53,082 [Worker-8: Importing Maven projects] INFO  o.e.m.c.i.e.AbstractTransferListenerAdapter - Downloaded https://repo.maven.apache.org/maven2/org/springframework/boot/spring-boot-starter-parent/4.0.1/spring-boot-starter-parent-4.0.1.pom
2025-12-31 19:04:53,162 [Worker-8: Importing Maven projects] INFO  o.e.m.c.i.e.AbstractTransferListenerAdapter - Downloading https://repo.maven.apache.org/maven2/org/springframework/boot/spring-boot-dependencies/4.0.1/spring-boot-dependencies-4.0.1.pom
2025-12-31 19:04:53,241 [Worker-8: Importing Maven projects] INFO  o.e.m.c.i.e.AbstractTransferListenerAdapter - Downloaded https://repo.maven.apache.org/maven2/org/springframework/boot/spring-boot-dependencies/4.0.1/spring-boot-dependencies-4.0.1.pom
2025-12-31 19:04:53,566 [Worker-8: Importing Maven projects] INFO  o.e.m.c.i.e.AbstractTransferListenerAdapter - Downloading https://repo.maven.apache.org/maven2/org/apache/groovy/groovy-bom/5.0.3/groovy-bom-5.0.3.pom
2025-12-31 19:04:53,576 [Worker-8: Importing Maven projects] INFO  o.e.m.c.i.e.AbstractTransferListenerAdapter - Downloaded https://repo.maven.apache.org/maven2/org/apache/groovy/groovy-bom/5.0.3/groovy-bom-5.0.3.pom
2025-12-31 19:04:53,771 [Worker-8: Importing Maven projects] INFO  o.e.m.c.i.e.AbstractTransferListenerAdapter - Downloading https://repo.maven.apache.org/maven2/tools/jackson/jackson-bom/3.0.3/jackson-bom-3.0.3.pom
2025-12-31 19:04:53,781 [Worker-8: Importing Maven projects] INFO  o.e.m.c.i.e.AbstractTransferListenerAdapter - Downloaded https://repo.maven.apache.org/maven2/tools/jackson/jackson-bom/3.0.3/jackson-bom-3.0.3.pom
2025-12-31 19:04:53,975 [Worker-8: Importing Maven projects] INFO  o.e.m.c.i.e.AbstractTransferListenerAdapter - Downloading https://repo.maven.apache.org/maven2/org/eclipse/jetty/ee11/jetty-ee11-bom/12.1.5/jetty-ee11-bom-12.1.5.pom
2025-12-31 19:04:53,984 [Worker-8: Importing Maven projects] INFO  o.e.m.c.i.e.AbstractTransferListenerAdapter - Downloaded https://repo.maven.apache.org/maven2/org/eclipse/jetty/ee11/jetty-ee11-bom/12.1.5/jetty-ee11-bom-12.1.5.pom
2025-12-31 19:04:54,088 [Worker-8: Importing Maven projects] INFO  o.e.m.c.i.e.AbstractTransferListenerAdapter - Downloading https://repo.maven.apache.org/maven2/org/eclipse/jetty/jetty-bom/12.1.5/jetty-bom-12.1.5.pom
2025-12-31 19:04:54,097 [Worker-8: Importing Maven projects] INFO  o.e.m.c.i.e.AbstractTransferListenerAdapter - Downloaded https://repo.maven.apache.org/maven2/org/eclipse/jetty/jetty-bom/12.1.5/jetty-bom-12.1.5.pom
2025-12-31 19:04:54,180 [Worker-8: Importing Maven projects] INFO  o.e.m.c.i.e.AbstractTransferListenerAdapter - Downloading https://repo.maven.apache.org/maven2/org/jooq/jooq-bom/3.19.29/jooq-bom-3.19.29.pom
2025-12-31 19:04:54,188 [Worker-8: Importing Maven projects] INFO  o.e.m.c.i.e.AbstractTransferListenerAdapter - Downloaded https://repo.maven.apache.org/maven2/org/jooq/jooq-bom/3.19.29/jooq-bom-3.19.29.pom
2025-12-31 19:04:54,385 [Worker-8: Importing Maven projects] INFO  o.e.m.c.i.e.AbstractTransferListenerAdapter - Downloading https://repo.maven.apache.org/maven2/org/apache/logging/log4j/log4j-bom/2.25.3/log4j-bom-2.25.3.pom
2025-12-31 19:04:54,394 [Worker-8: Importing Maven projects] INFO  o.e.m.c.i.e.AbstractTransferListenerAdapter - Downloaded https://repo.maven.apache.org/maven2/org/apache/logging/log4j/log4j-bom/2.25.3/log4j-bom-2.25.3.pom
2025-12-31 19:04:54,591 [Worker-8: Importing Maven projects] INFO  o.e.m.c.i.e.AbstractTransferListenerAdapter - Downloading https://repo.maven.apache.org/maven2/io/micrometer/micrometer-bom/1.16.1/micrometer-bom-1.16.1.pom
2025-12-31 19:04:54,599 [Worker-8: Importing Maven projects] INFO  o.e.m.c.i.e.AbstractTransferListenerAdapter - Downloaded https://repo.maven.apache.org/maven2/io/micrometer/micrometer-bom/1.16.1/micrometer-bom-1.16.1.pom
2025-12-31 19:04:54,795 [Worker-8: Importing Maven projects] INFO  o.e.m.c.i.e.AbstractTransferListenerAdapter - Downloading https://repo.maven.apache.org/maven2/io/micrometer/micrometer-tracing-bom/1.6.1/micrometer-tracing-bom-1.6.1.pom
2025-12-31 19:04:54,804 [Worker-8: Importing Maven projects] INFO  o.e.m.c.i.e.AbstractTransferListenerAdapter - Downloaded https://repo.maven.apache.org/maven2/io/micrometer/micrometer-tracing-bom/1.6.1/micrometer-tracing-bom-1.6.1.pom
2025-12-31 19:04:54,999 [Worker-8: Importing Maven projects] INFO  o.e.m.c.i.e.AbstractTransferListenerAdapter - Downloading https://repo.maven.apache.org/maven2/org/mongodb/mongodb-driver-bom/5.6.2/mongodb-driver-bom-5.6.2.pom
2025-12-31 19:04:55,008 [Worker-8: Importing Maven projects] INFO  o.e.m.c.i.e.AbstractTransferListenerAdapter - Downloaded https://repo.maven.apache.org/maven2/org/mongodb/mongodb-driver-bom/5.6.2/mongodb-driver-bom-5.6.2.pom
2025-12-31 19:04:55,205 [Worker-8: Importing Maven projects] INFO  o.e.m.c.i.e.AbstractTransferListenerAdapter - Downloading https://repo.maven.apache.org/maven2/io/netty/netty-bom/4.2.9.Final/netty-bom-4.2.9.Final.pom
2025-12-31 19:04:55,212 [Worker-8: Importing Maven projects] INFO  o.e.m.c.i.e.AbstractTransferListenerAdapter - Downloaded https://repo.maven.apache.org/maven2/io/netty/netty-bom/4.2.9.Final/netty-bom-4.2.9.Final.pom
2025-12-31 19:04:55,416 [Worker-8: Importing Maven projects] INFO  o.e.m.c.i.e.AbstractTransferListenerAdapter - Downloading https://repo.maven.apache.org/maven2/org/apache/pulsar/pulsar-bom/4.1.2/pulsar-bom-4.1.2.pom
2025-12-31 19:04:55,426 [Worker-8: Importing Maven projects] INFO  o.e.m.c.i.e.AbstractTransferListenerAdapter - Downloaded https://repo.maven.apache.org/maven2/org/apache/pulsar/pulsar-bom/4.1.2/pulsar-bom-4.1.2.pom
2025-12-31 19:04:55,614 [Worker-8: Importing Maven projects] INFO  o.e.m.c.i.e.AbstractTransferListenerAdapter - Downloading https://repo.maven.apache.org/maven2/io/projectreactor/reactor-bom/2025.0.1/reactor-bom-2025.0.1.pom
2025-12-31 19:04:55,622 [Worker-8: Importing Maven projects] INFO  o.e.m.c.i.e.AbstractTransferListenerAdapter - Downloaded https://repo.maven.apache.org/maven2/io/projectreactor/reactor-bom/2025.0.1/reactor-bom-2025.0.1.pom
2025-12-31 19:04:55,716 [Worker-8: Importing Maven projects] INFO  o.e.m.c.i.e.AbstractTransferListenerAdapter - Downloading https://repo.maven.apache.org/maven2/org/springframework/amqp/spring-amqp-bom/4.0.1/spring-amqp-bom-4.0.1.pom
2025-12-31 19:04:55,724 [Worker-8: Importing Maven projects] INFO  o.e.m.c.i.e.AbstractTransferListenerAdapter - Downloaded https://repo.maven.apache.org/maven2/org/springframework/amqp/spring-amqp-bom/4.0.1/spring-amqp-bom-4.0.1.pom
2025-12-31 19:04:55,817 [Worker-8: Importing Maven projects] INFO  o.e.m.c.i.e.AbstractTransferListenerAdapter - Downloading https://repo.maven.apache.org/maven2/org/springframework/batch/spring-batch-bom/6.0.1/spring-batch-bom-6.0.1.pom
2025-12-31 19:04:55,826 [Worker-8: Importing Maven projects] INFO  o.e.m.c.i.e.AbstractTransferListenerAdapter - Downloaded https://repo.maven.apache.org/maven2/org/springframework/batch/spring-batch-bom/6.0.1/spring-batch-bom-6.0.1.pom
2025-12-31 19:04:55,921 [Worker-8: Importing Maven projects] INFO  o.e.m.c.i.e.AbstractTransferListenerAdapter - Downloading https://repo.maven.apache.org/maven2/org/springframework/data/spring-data-bom/2025.1.1/spring-data-bom-2025.1.1.pom
2025-12-31 19:04:55,928 [Worker-8: Importing Maven projects] INFO  o.e.m.c.i.e.AbstractTransferListenerAdapter - Downloaded https://repo.maven.apache.org/maven2/org/springframework/data/spring-data-bom/2025.1.1/spring-data-bom-2025.1.1.pom
2025-12-31 19:04:56,126 [Worker-8: Importing Maven projects] INFO  o.e.m.c.i.e.AbstractTransferListenerAdapter - Downloading https://repo.maven.apache.org/maven2/org/springframework/spring-framework-bom/7.0.2/spring-framework-bom-7.0.2.pom
2025-12-31 19:04:56,135 [Worker-8: Importing Maven projects] INFO  o.e.m.c.i.e.AbstractTransferListenerAdapter - Downloaded https://repo.maven.apache.org/maven2/org/springframework/spring-framework-bom/7.0.2/spring-framework-bom-7.0.2.pom
2025-12-31 19:04:56,229 [Worker-8: Importing Maven projects] INFO  o.e.m.c.i.e.AbstractTransferListenerAdapter - Downloading https://repo.maven.apache.org/maven2/org/springframework/integration/spring-integration-bom/7.0.1/spring-integration-bom-7.0.1.pom
2025-12-31 19:04:56,238 [Worker-8: Importing Maven projects] INFO  o.e.m.c.i.e.AbstractTransferListenerAdapter - Downloaded https://repo.maven.apache.org/maven2/org/springframework/integration/spring-integration-bom/7.0.1/spring-integration-bom-7.0.1.pom
2025-12-31 19:04:56,432 [Worker-8: Importing Maven projects] INFO  o.e.m.c.i.e.AbstractTransferListenerAdapter - Downloading https://repo.maven.apache.org/maven2/org/springframework/pulsar/spring-pulsar-bom/2.0.1/spring-pulsar-bom-2.0.1.pom
2025-12-31 19:04:56,440 [Worker-8: Importing Maven projects] INFO  o.e.m.c.i.e.AbstractTransferListenerAdapter - Downloaded https://repo.maven.apache.org/maven2/org/springframework/pulsar/spring-pulsar-bom/2.0.1/spring-pulsar-bom-2.0.1.pom
2025-12-31 19:04:56,638 [Worker-8: Importing Maven projects] INFO  o.e.m.c.i.e.AbstractTransferListenerAdapter - Downloading https://repo.maven.apache.org/maven2/org/springframework/security/spring-security-bom/7.0.2/spring-security-bom-7.0.2.pom
2025-12-31 19:04:56,646 [Worker-8: Importing Maven projects] INFO  o.e.m.c.i.e.AbstractTransferListenerAdapter - Downloaded https://repo.maven.apache.org/maven2/org/springframework/security/spring-security-bom/7.0.2/spring-security-bom-7.0.2.pom
2025-12-31 19:04:56,740 [Worker-8: Importing Maven projects] INFO  o.e.m.c.i.e.AbstractTransferListenerAdapter - Downloading https://repo.maven.apache.org/maven2/org/springframework/session/spring-session-bom/4.0.1/spring-session-bom-4.0.1.pom
2025-12-31 19:04:56,748 [Worker-8: Importing Maven projects] INFO  o.e.m.c.i.e.AbstractTransferListenerAdapter - Downloaded https://repo.maven.apache.org/maven2/org/springframework/session/spring-session-bom/4.0.1/spring-session-bom-4.0.1.pom
2025-12-31 19:04:56,945 [Worker-8: Importing Maven projects] INFO  o.e.m.c.i.e.AbstractTransferListenerAdapter - Downloading https://repo.maven.apache.org/maven2/org/testcontainers/testcontainers-bom/2.0.3/testcontainers-bom-2.0.3.pom
2025-12-31 19:04:56,955 [Worker-8: Importing Maven projects] INFO  o.e.m.c.i.e.AbstractTransferListenerAdapter - Downloaded https://repo.maven.apache.org/maven2/org/testcontainers/testcontainers-bom/2.0.3/testcontainers-bom-2.0.3.pom
2025-12-31 19:04:57,764 [Worker-8: Importing Maven projects] INFO  o.e.m.c.i.e.AbstractTransferListenerAdapter - Downloading https://repo.maven.apache.org/maven2/org/springframework/boot/spring-boot-maven-plugin/4.0.1/spring-boot-maven-plugin-4.0.1.pom
2025-12-31 19:04:57,773 [Worker-8: Importing Maven projects] INFO  o.e.m.c.i.e.AbstractTransferListenerAdapter - Downloaded https://repo.maven.apache.org/maven2/org/springframework/boot/spring-boot-maven-plugin/4.0.1/spring-boot-maven-plugin-4.0.1.pom
2025-12-31 19:04:57,868 [Worker-8: Importing Maven projects] INFO  o.e.m.c.i.e.AbstractTransferListenerAdapter - Downloading https://repo.maven.apache.org/maven2/org/springframework/boot/spring-boot-maven-plugin/4.0.1/spring-boot-maven-plugin-4.0.1.jar
2025-12-31 19:04:57,981 [Worker-8: Importing Maven projects] INFO  o.e.m.c.i.e.AbstractTransferListenerAdapter - Downloaded https://repo.maven.apache.org/maven2/org/springframework/boot/spring-boot-maven-plugin/4.0.1/spring-boot-maven-plugin-4.0.1.jar
2025-12-31 19:04:58,526 [Worker-8: Importing Maven projects] INFO  o.e.m.c.i.l.LifecycleMappingFactory - Using org.eclipse.m2e.jdt.JarLifecycleMapping lifecycle mapping for MavenProject: com.springSecurity:Security:0.0.1-SNAPSHOT @ E:\Spring Security\Security\Security\pom.xml.
2025-12-31 19:04:58,685 [Worker-8: Importing Maven projects] INFO  o.e.m.c.i.e.AbstractTransferListenerAdapter - Downloading https://repo.maven.apache.org/maven2/org/springframework/boot/spring-boot-starter-data-jpa/4.0.1/spring-boot-starter-data-jpa-4.0.1.pom
2025-12-31 19:04:58,694 [Worker-8: Importing Maven projects] INFO  o.e.m.c.i.e.AbstractTransferListenerAdapter - Downloaded https://repo.maven.apache.org/maven2/org/springframework/boot/spring-boot-starter-data-jpa/4.0.1/spring-boot-starter-data-jpa-4.0.1.pom
2025-12-31 19:04:58,788 [Worker-8: Importing Maven projects] INFO  o.e.m.c.i.e.AbstractTransferListenerAdapter - Downloading https://repo.maven.apache.org/maven2/org/springframework/boot/spring-boot-starter/4.0.1/spring-boot-starter-4.0.1.pom
2025-12-31 19:04:58,797 [Worker-8: Importing Maven projects] INFO  o.e.m.c.i.e.AbstractTransferListenerAdapter - Downloaded https://repo.maven.apache.org/maven2/org/springframework/boot/spring-boot-starter/4.0.1/spring-boot-starter-4.0.1.pom
2025-12-31 19:04:58,993 [Worker-8: Importing Maven projects] INFO  o.e.m.c.i.e.AbstractTransferListenerAdapter - Downloading https://repo.maven.apache.org/maven2/org/springframework/boot/spring-boot-starter-logging/4.0.1/spring-boot-starter-logging-4.0.1.pom
2025-12-31 19:04:59,003 [Worker-8: Importing Maven projects] INFO  o.e.m.c.i.e.AbstractTransferListenerAdapter - Downloaded https://repo.maven.apache.org/maven2/org/springframework/boot/spring-boot-starter-logging/4.0.1/spring-boot-starter-logging-4.0.1.pom
2025-12-31 19:04:59,096 [Worker-8: Importing Maven projects] INFO  o.e.m.c.i.e.AbstractTransferListenerAdapter - Downloading https://repo.maven.apache.org/maven2/ch/qos/logback/logback-classic/1.5.22/logback-classic-1.5.22.pom
2025-12-31 19:04:59,103 [Worker-8: Importing Maven projects] INFO  o.e.m.c.i.e.AbstractTransferListenerAdapter - Downloaded https://repo.maven.apache.org/maven2/ch/qos/logback/logback-classic/1.5.22/logback-classic-1.5.22.pom
2025-12-31 19:04:59,204 [Worker-8: Importing Maven projects] INFO  o.e.m.c.i.e.AbstractTransferListenerAdapter - Downloading https://repo.maven.apache.org/maven2/ch/qos/logback/logback-parent/1.5.22/logback-parent-1.5.22.pom
2025-12-31 19:04:59,212 [Worker-8: Importing Maven projects] INFO  o.e.m.c.i.e.AbstractTransferListenerAdapter - Downloaded https://repo.maven.apache.org/maven2/ch/qos/logback/logback-parent/1.5.22/logback-parent-1.5.22.pom
2025-12-31 19:04:59,402 [Worker-8: Importing Maven projects] INFO  o.e.m.c.i.e.AbstractTransferListenerAdapter - Downloading https://repo.maven.apache.org/maven2/ch/qos/logback/logback-core/1.5.22/logback-core-1.5.22.pom
2025-12-31 19:04:59,411 [Worker-8: Importing Maven projects] INFO  o.e.m.c.i.e.AbstractTransferListenerAdapter - Downloaded https://repo.maven.apache.org/maven2/ch/qos/logback/logback-core/1.5.22/logback-core-1.5.22.pom
2025-12-31 19:04:59,609 [Worker-8: Importing Maven projects] INFO  o.e.m.c.i.e.AbstractTransferListenerAdapter - Downloading https://repo.maven.apache.org/maven2/org/apache/logging/log4j/log4j-to-slf4j/2.25.3/log4j-to-slf4j-2.25.3.pom
2025-12-31 19:04:59,617 [Worker-8: Importing Maven projects] INFO  o.e.m.c.i.e.AbstractTransferListenerAdapter - Downloaded https://repo.maven.apache.org/maven2/org/apache/logging/log4j/log4j-to-slf4j/2.25.3/log4j-to-slf4j-2.25.3.pom
2025-12-31 19:04:59,710 [Worker-8: Importing Maven projects] INFO  o.e.m.c.i.e.AbstractTransferListenerAdapter - Downloading https://repo.maven.apache.org/maven2/org/apache/logging/log4j/log4j/2.25.3/log4j-2.25.3.pom
2025-12-31 19:04:59,720 [Worker-8: Importing Maven projects] INFO  o.e.m.c.i.e.AbstractTransferListenerAdapter - Downloaded https://repo.maven.apache.org/maven2/org/apache/logging/log4j/log4j/2.25.3/log4j-2.25.3.pom
2025-12-31 19:04:59,914 [Worker-8: Importing Maven projects] INFO  o.e.m.c.i.e.AbstractTransferListenerAdapter - Downloading https://repo.maven.apache.org/maven2/org/apache/logging/log4j/log4j-api/2.25.3/log4j-api-2.25.3.pom
2025-12-31 19:04:59,919 [Worker-8: Importing Maven projects] INFO  o.e.m.c.i.e.AbstractTransferListenerAdapter - Downloaded https://repo.maven.apache.org/maven2/org/apache/logging/log4j/log4j-api/2.25.3/log4j-api-2.25.3.pom
2025-12-31 19:05:00,018 [Worker-8: Importing Maven projects] INFO  o.e.m.c.i.e.AbstractTransferListenerAdapter - Downloading https://repo.maven.apache.org/maven2/org/springframework/boot/spring-boot-autoconfigure/4.0.1/spring-boot-autoconfigure-4.0.1.pom
2025-12-31 19:05:00,025 [Worker-8: Importing Maven projects] INFO  o.e.m.c.i.e.AbstractTransferListenerAdapter - Downloaded https://repo.maven.apache.org/maven2/org/springframework/boot/spring-boot-autoconfigure/4.0.1/spring-boot-autoconfigure-4.0.1.pom
2025-12-31 19:05:00,222 [Worker-8: Importing Maven projects] INFO  o.e.m.c.i.e.AbstractTransferListenerAdapter - Downloading https://repo.maven.apache.org/maven2/org/springframework/boot/spring-boot/4.0.1/spring-boot-4.0.1.pom
2025-12-31 19:05:00,234 [Worker-8: Importing Maven projects] INFO  o.e.m.c.i.e.AbstractTransferListenerAdapter - Downloaded https://repo.maven.apache.org/maven2/org/springframework/boot/spring-boot/4.0.1/spring-boot-4.0.1.pom
2025-12-31 19:05:00,427 [Worker-8: Importing Maven projects] INFO  o.e.m.c.i.e.AbstractTransferListenerAdapter - Downloading https://repo.maven.apache.org/maven2/org/springframework/spring-core/7.0.2/spring-core-7.0.2.pom
2025-12-31 19:05:00,435 [Worker-8: Importing Maven projects] INFO  o.e.m.c.i.e.AbstractTransferListenerAdapter - Downloaded https://repo.maven.apache.org/maven2/org/springframework/spring-core/7.0.2/spring-core-7.0.2.pom
2025-12-31 19:05:00,632 [Worker-8: Importing Maven projects] INFO  o.e.m.c.i.e.AbstractTransferListenerAdapter - Downloading https://repo.maven.apache.org/maven2/org/springframework/spring-context/7.0.2/spring-context-7.0.2.pom
2025-12-31 19:05:00,640 [Worker-8: Importing Maven projects] INFO  o.e.m.c.i.e.AbstractTransferListenerAdapter - Downloaded https://repo.maven.apache.org/maven2/org/springframework/spring-context/7.0.2/spring-context-7.0.2.pom
2025-12-31 19:05:00,733 [Worker-8: Importing Maven projects] INFO  o.e.m.c.i.e.AbstractTransferListenerAdapter - Downloading https://repo.maven.apache.org/maven2/org/springframework/spring-aop/7.0.2/spring-aop-7.0.2.pom
2025-12-31 19:05:00,741 [Worker-8: Importing Maven projects] INFO  o.e.m.c.i.e.AbstractTransferListenerAdapter - Downloaded https://repo.maven.apache.org/maven2/org/springframework/spring-aop/7.0.2/spring-aop-7.0.2.pom
2025-12-31 19:05:00,938 [Worker-8: Importing Maven projects] INFO  o.e.m.c.i.e.AbstractTransferListenerAdapter - Downloading https://repo.maven.apache.org/maven2/org/springframework/spring-beans/7.0.2/spring-beans-7.0.2.pom
2025-12-31 19:05:00,948 [Worker-8: Importing Maven projects] INFO  o.e.m.c.i.e.AbstractTransferListenerAdapter - Downloaded https://repo.maven.apache.org/maven2/org/springframework/spring-beans/7.0.2/spring-beans-7.0.2.pom
2025-12-31 19:05:01,144 [Worker-8: Importing Maven projects] INFO  o.e.m.c.i.e.AbstractTransferListenerAdapter - Downloading https://repo.maven.apache.org/maven2/org/springframework/spring-expression/7.0.2/spring-expression-7.0.2.pom
2025-12-31 19:05:01,149 [Worker-8: Importing Maven projects] INFO  o.e.m.c.i.e.AbstractTransferListenerAdapter - Downloaded https://repo.maven.apache.org/maven2/org/springframework/spring-expression/7.0.2/spring-expression-7.0.2.pom
2025-12-31 19:05:01,221 [Worker-8: Importing Maven projects] INFO  o.e.m.c.i.e.AbstractTransferListenerAdapter - Downloading https://repo.maven.apache.org/maven2/io/micrometer/micrometer-observation/1.16.1/micrometer-observation-1.16.1.pom
2025-12-31 19:05:01,229 [Worker-8: Importing Maven projects] INFO  o.e.m.c.i.e.AbstractTransferListenerAdapter - Downloaded https://repo.maven.apache.org/maven2/io/micrometer/micrometer-observation/1.16.1/micrometer-observation-1.16.1.pom
2025-12-31 19:05:01,348 [Worker-8: Importing Maven projects] INFO  o.e.m.c.i.e.AbstractTransferListenerAdapter - Downloading https://repo.maven.apache.org/maven2/io/micrometer/micrometer-commons/1.16.1/micrometer-commons-1.16.1.pom
2025-12-31 19:05:01,356 [Worker-8: Importing Maven projects] INFO  o.e.m.c.i.e.AbstractTransferListenerAdapter - Downloaded https://repo.maven.apache.org/maven2/io/micrometer/micrometer-commons/1.16.1/micrometer-commons-1.16.1.pom
2025-12-31 19:05:01,554 [Worker-8: Importing Maven projects] INFO  o.e.m.c.i.e.AbstractTransferListenerAdapter - Downloading https://repo.maven.apache.org/maven2/org/springframework/boot/spring-boot-starter-jdbc/4.0.1/spring-boot-starter-jdbc-4.0.1.pom
2025-12-31 19:05:01,563 [Worker-8: Importing Maven projects] INFO  o.e.m.c.i.e.AbstractTransferListenerAdapter - Downloaded https://repo.maven.apache.org/maven2/org/springframework/boot/spring-boot-starter-jdbc/4.0.1/spring-boot-starter-jdbc-4.0.1.pom
2025-12-31 19:05:01,656 [Worker-8: Importing Maven projects] INFO  o.e.m.c.i.e.AbstractTransferListenerAdapter - Downloading https://repo.maven.apache.org/maven2/org/springframework/boot/spring-boot-jdbc/4.0.1/spring-boot-jdbc-4.0.1.pom
2025-12-31 19:05:01,663 [Worker-8: Importing Maven projects] INFO  o.e.m.c.i.e.AbstractTransferListenerAdapter - Downloaded https://repo.maven.apache.org/maven2/org/springframework/boot/spring-boot-jdbc/4.0.1/spring-boot-jdbc-4.0.1.pom
2025-12-31 19:05:01,758 [Worker-8: Importing Maven projects] INFO  o.e.m.c.i.e.AbstractTransferListenerAdapter - Downloading https://repo.maven.apache.org/maven2/org/springframework/boot/spring-boot-sql/4.0.1/spring-boot-sql-4.0.1.pom
2025-12-31 19:05:01,766 [Worker-8: Importing Maven projects] INFO  o.e.m.c.i.e.AbstractTransferListenerAdapter - Downloaded https://repo.maven.apache.org/maven2/org/springframework/boot/spring-boot-sql/4.0.1/spring-boot-sql-4.0.1.pom
2025-12-31 19:05:01,860 [Worker-8: Importing Maven projects] INFO  o.e.m.c.i.e.AbstractTransferListenerAdapter - Downloading https://repo.maven.apache.org/maven2/org/springframework/boot/spring-boot-transaction/4.0.1/spring-boot-transaction-4.0.1.pom
2025-12-31 19:05:01,870 [Worker-8: Importing Maven projects] INFO  o.e.m.c.i.e.AbstractTransferListenerAdapter - Downloaded https://repo.maven.apache.org/maven2/org/springframework/boot/spring-boot-transaction/4.0.1/spring-boot-transaction-4.0.1.pom
2025-12-31 19:05:02,066 [Worker-8: Importing Maven projects] INFO  o.e.m.c.i.e.AbstractTransferListenerAdapter - Downloading https://repo.maven.apache.org/maven2/org/springframework/boot/spring-boot-persistence/4.0.1/spring-boot-persistence-4.0.1.pom
2025-12-31 19:05:02,075 [Worker-8: Importing Maven projects] INFO  o.e.m.c.i.e.AbstractTransferListenerAdapter - Downloaded https://repo.maven.apache.org/maven2/org/springframework/boot/spring-boot-persistence/4.0.1/spring-boot-persistence-4.0.1.pom
2025-12-31 19:05:02,270 [Worker-8: Importing Maven projects] INFO  o.e.m.c.i.e.AbstractTransferListenerAdapter - Downloading https://repo.maven.apache.org/maven2/org/springframework/spring-tx/7.0.2/spring-tx-7.0.2.pom
2025-12-31 19:05:02,279 [Worker-8: Importing Maven projects] INFO  o.e.m.c.i.e.AbstractTransferListenerAdapter - Downloaded https://repo.maven.apache.org/maven2/org/springframework/spring-tx/7.0.2/spring-tx-7.0.2.pom
2025-12-31 19:05:02,476 [Worker-8: Importing Maven projects] INFO  o.e.m.c.i.e.AbstractTransferListenerAdapter - Downloading https://repo.maven.apache.org/maven2/org/springframework/spring-jdbc/7.0.2/spring-jdbc-7.0.2.pom
2025-12-31 19:05:02,482 [Worker-8: Importing Maven projects] INFO  o.e.m.c.i.e.AbstractTransferListenerAdapter - Downloaded https://repo.maven.apache.org/maven2/org/springframework/spring-jdbc/7.0.2/spring-jdbc-7.0.2.pom
2025-12-31 19:05:02,681 [Worker-8: Importing Maven projects] INFO  o.e.m.c.i.e.AbstractTransferListenerAdapter - Downloading https://repo.maven.apache.org/maven2/org/springframework/boot/spring-boot-data-jpa/4.0.1/spring-boot-data-jpa-4.0.1.pom
2025-12-31 19:05:02,685 [Worker-8: Importing Maven projects] INFO  o.e.m.c.i.e.AbstractTransferListenerAdapter - Downloaded https://repo.maven.apache.org/maven2/org/springframework/boot/spring-boot-data-jpa/4.0.1/spring-boot-data-jpa-4.0.1.pom
2025-12-31 19:05:02,782 [Worker-8: Importing Maven projects] INFO  o.e.m.c.i.e.AbstractTransferListenerAdapter - Downloading https://repo.maven.apache.org/maven2/org/springframework/boot/spring-boot-data-commons/4.0.1/spring-boot-data-commons-4.0.1.pom
2025-12-31 19:05:02,790 [Worker-8: Importing Maven projects] INFO  o.e.m.c.i.e.AbstractTransferListenerAdapter - Downloaded https://repo.maven.apache.org/maven2/org/springframework/boot/spring-boot-data-commons/4.0.1/spring-boot-data-commons-4.0.1.pom
2025-12-31 19:05:02,986 [Worker-8: Importing Maven projects] INFO  o.e.m.c.i.e.AbstractTransferListenerAdapter - Downloading https://repo.maven.apache.org/maven2/org/springframework/data/spring-data-commons/4.0.1/spring-data-commons-4.0.1.pom
2025-12-31 19:05:02,992 [Worker-8: Importing Maven projects] INFO  o.e.m.c.i.e.AbstractTransferListenerAdapter - Downloaded https://repo.maven.apache.org/maven2/org/springframework/data/spring-data-commons/4.0.1/spring-data-commons-4.0.1.pom
2025-12-31 19:05:03,192 [Worker-8: Importing Maven projects] INFO  o.e.m.c.i.e.AbstractTransferListenerAdapter - Downloading https://repo.maven.apache.org/maven2/org/springframework/data/build/spring-data-parent/4.0.1/spring-data-parent-4.0.1.pom
2025-12-31 19:05:03,201 [Worker-8: Importing Maven projects] INFO  o.e.m.c.i.e.AbstractTransferListenerAdapter - Downloaded https://repo.maven.apache.org/maven2/org/springframework/data/build/spring-data-parent/4.0.1/spring-data-parent-4.0.1.pom
2025-12-31 19:05:03,294 [Worker-8: Importing Maven projects] INFO  o.e.m.c.i.e.AbstractTransferListenerAdapter - Downloading https://repo.maven.apache.org/maven2/org/springframework/data/build/spring-data-build/4.0.1/spring-data-build-4.0.1.pom
2025-12-31 19:05:03,303 [Worker-8: Importing Maven projects] INFO  o.e.m.c.i.e.AbstractTransferListenerAdapter - Downloaded https://repo.maven.apache.org/maven2/org/springframework/data/build/spring-data-build/4.0.1/spring-data-build-4.0.1.pom
2025-12-31 19:05:03,498 [Worker-8: Importing Maven projects] INFO  o.e.m.c.i.e.AbstractTransferListenerAdapter - Downloading https://repo.maven.apache.org/maven2/org/springframework/boot/spring-boot-hibernate/4.0.1/spring-boot-hibernate-4.0.1.pom
2025-12-31 19:05:03,507 [Worker-8: Importing Maven projects] INFO  o.e.m.c.i.e.AbstractTransferListenerAdapter - Downloaded https://repo.maven.apache.org/maven2/org/springframework/boot/spring-boot-hibernate/4.0.1/spring-boot-hibernate-4.0.1.pom
2025-12-31 19:05:03,703 [Worker-8: Importing Maven projects] INFO  o.e.m.c.i.e.AbstractTransferListenerAdapter - Downloading https://repo.maven.apache.org/maven2/org/springframework/boot/spring-boot-jpa/4.0.1/spring-boot-jpa-4.0.1.pom
2025-12-31 19:05:03,711 [Worker-8: Importing Maven projects] INFO  o.e.m.c.i.e.AbstractTransferListenerAdapter - Downloaded https://repo.maven.apache.org/maven2/org/springframework/boot/spring-boot-jpa/4.0.1/spring-boot-jpa-4.0.1.pom
2025-12-31 19:05:03,908 [Worker-8: Importing Maven projects] INFO  o.e.m.c.i.e.AbstractTransferListenerAdapter - Downloading https://repo.maven.apache.org/maven2/org/springframework/spring-orm/7.0.2/spring-orm-7.0.2.pom
2025-12-31 19:05:03,917 [Worker-8: Importing Maven projects] INFO  o.e.m.c.i.e.AbstractTransferListenerAdapter - Downloaded https://repo.maven.apache.org/maven2/org/springframework/spring-orm/7.0.2/spring-orm-7.0.2.pom
2025-12-31 19:05:04,113 [Worker-8: Importing Maven projects] INFO  o.e.m.c.i.e.AbstractTransferListenerAdapter - Downloading https://repo.maven.apache.org/maven2/org/hibernate/orm/hibernate-core/7.2.0.Final/hibernate-core-7.2.0.Final.pom
2025-12-31 19:05:04,122 [Worker-8: Importing Maven projects] INFO  o.e.m.c.i.e.AbstractTransferListenerAdapter - Downloaded https://repo.maven.apache.org/maven2/org/hibernate/orm/hibernate-core/7.2.0.Final/hibernate-core-7.2.0.Final.pom
2025-12-31 19:05:04,324 [Worker-8: Importing Maven projects] INFO  o.e.m.c.i.e.AbstractTransferListenerAdapter - Downloading https://repo.maven.apache.org/maven2/org/springframework/data/spring-data-jpa/4.0.1/spring-data-jpa-4.0.1.pom
2025-12-31 19:05:04,330 [Worker-8: Importing Maven projects] INFO  o.e.m.c.i.e.AbstractTransferListenerAdapter - Downloaded https://repo.maven.apache.org/maven2/org/springframework/data/spring-data-jpa/4.0.1/spring-data-jpa-4.0.1.pom
2025-12-31 19:05:04,418 [Worker-8: Importing Maven projects] INFO  o.e.m.c.i.e.AbstractTransferListenerAdapter - Downloading https://repo.maven.apache.org/maven2/org/springframework/data/spring-data-jpa-parent/4.0.1/spring-data-jpa-parent-4.0.1.pom
2025-12-31 19:05:04,428 [Worker-8: Importing Maven projects] INFO  o.e.m.c.i.e.AbstractTransferListenerAdapter - Downloaded https://repo.maven.apache.org/maven2/org/springframework/data/spring-data-jpa-parent/4.0.1/spring-data-jpa-parent-4.0.1.pom
2025-12-31 19:05:04,523 [Worker-8: Importing Maven projects] INFO  o.e.m.c.i.e.AbstractTransferListenerAdapter - Downloading https://repo.maven.apache.org/maven2/org/springframework/spring-aspects/7.0.2/spring-aspects-7.0.2.pom
2025-12-31 19:05:04,533 [Worker-8: Importing Maven projects] INFO  o.e.m.c.i.e.AbstractTransferListenerAdapter - Downloaded https://repo.maven.apache.org/maven2/org/springframework/spring-aspects/7.0.2/spring-aspects-7.0.2.pom
2025-12-31 19:05:04,727 [Worker-8: Importing Maven projects] INFO  o.e.m.c.i.e.AbstractTransferListenerAdapter - Downloading https://repo.maven.apache.org/maven2/org/aspectj/aspectjweaver/1.9.25.1/aspectjweaver-1.9.25.1.pom
2025-12-31 19:05:04,735 [Worker-8: Importing Maven projects] INFO  o.e.m.c.i.e.AbstractTransferListenerAdapter - Downloaded https://repo.maven.apache.org/maven2/org/aspectj/aspectjweaver/1.9.25.1/aspectjweaver-1.9.25.1.pom
2025-12-31 19:05:04,831 [Worker-8: Importing Maven projects] INFO  o.e.m.c.i.e.AbstractTransferListenerAdapter - Downloading https://repo.maven.apache.org/maven2/org/springframework/boot/spring-boot-starter-security/4.0.1/spring-boot-starter-security-4.0.1.pom
2025-12-31 19:05:04,840 [Worker-8: Importing Maven projects] INFO  o.e.m.c.i.e.AbstractTransferListenerAdapter - Downloaded https://repo.maven.apache.org/maven2/org/springframework/boot/spring-boot-starter-security/4.0.1/spring-boot-starter-security-4.0.1.pom
2025-12-31 19:05:04,932 [Worker-8: Importing Maven projects] INFO  o.e.m.c.i.e.AbstractTransferListenerAdapter - Downloading https://repo.maven.apache.org/maven2/org/springframework/boot/spring-boot-security/4.0.1/spring-boot-security-4.0.1.pom
2025-12-31 19:05:04,940 [Worker-8: Importing Maven projects] INFO  o.e.m.c.i.e.AbstractTransferListenerAdapter - Downloaded https://repo.maven.apache.org/maven2/org/springframework/boot/spring-boot-security/4.0.1/spring-boot-security-4.0.1.pom
2025-12-31 19:05:05,098 [Worker-8: Importing Maven projects] INFO  o.e.m.c.i.e.AbstractTransferListenerAdapter - Downloading https://repo.maven.apache.org/maven2/org/springframework/security/spring-security-config/7.0.2/spring-security-config-7.0.2.pom
2025-12-31 19:05:05,103 [Worker-8: Importing Maven projects] INFO  o.e.m.c.i.e.AbstractTransferListenerAdapter - Downloaded https://repo.maven.apache.org/maven2/org/springframework/security/spring-security-config/7.0.2/spring-security-config-7.0.2.pom
2025-12-31 19:05:05,240 [Worker-8: Importing Maven projects] INFO  o.e.m.c.i.e.AbstractTransferListenerAdapter - Downloading https://repo.maven.apache.org/maven2/org/springframework/security/spring-security-core/7.0.2/spring-security-core-7.0.2.pom
2025-12-31 19:05:05,246 [Worker-8: Importing Maven projects] INFO  o.e.m.c.i.e.AbstractTransferListenerAdapter - Downloaded https://repo.maven.apache.org/maven2/org/springframework/security/spring-security-core/7.0.2/spring-security-core-7.0.2.pom
2025-12-31 19:05:05,444 [Worker-8: Importing Maven projects] INFO  o.e.m.c.i.e.AbstractTransferListenerAdapter - Downloading https://repo.maven.apache.org/maven2/org/springframework/security/spring-security-crypto/7.0.2/spring-security-crypto-7.0.2.pom
2025-12-31 19:05:05,452 [Worker-8: Importing Maven projects] INFO  o.e.m.c.i.e.AbstractTransferListenerAdapter - Downloaded https://repo.maven.apache.org/maven2/org/springframework/security/spring-security-crypto/7.0.2/spring-security-crypto-7.0.2.pom
2025-12-31 19:05:05,546 [Worker-8: Importing Maven projects] INFO  o.e.m.c.i.e.AbstractTransferListenerAdapter - Downloading https://repo.maven.apache.org/maven2/org/springframework/security/spring-security-web/7.0.2/spring-security-web-7.0.2.pom
2025-12-31 19:05:05,555 [Worker-8: Importing Maven projects] INFO  o.e.m.c.i.e.AbstractTransferListenerAdapter - Downloaded https://repo.maven.apache.org/maven2/org/springframework/security/spring-security-web/7.0.2/spring-security-web-7.0.2.pom
2025-12-31 19:05:05,752 [Worker-8: Importing Maven projects] INFO  o.e.m.c.i.e.AbstractTransferListenerAdapter - Downloading https://repo.maven.apache.org/maven2/org/springframework/spring-web/7.0.2/spring-web-7.0.2.pom
2025-12-31 19:05:05,760 [Worker-8: Importing Maven projects] INFO  o.e.m.c.i.e.AbstractTransferListenerAdapter - Downloaded https://repo.maven.apache.org/maven2/org/springframework/spring-web/7.0.2/spring-web-7.0.2.pom
2025-12-31 19:05:05,956 [Worker-8: Importing Maven projects] INFO  o.e.m.c.i.e.AbstractTransferListenerAdapter - Downloading https://repo.maven.apache.org/maven2/org/springframework/boot/spring-boot-starter-webmvc/4.0.1/spring-boot-starter-webmvc-4.0.1.pom
2025-12-31 19:05:05,964 [Worker-8: Importing Maven projects] INFO  o.e.m.c.i.e.AbstractTransferListenerAdapter - Downloaded https://repo.maven.apache.org/maven2/org/springframework/boot/spring-boot-starter-webmvc/4.0.1/spring-boot-starter-webmvc-4.0.1.pom
2025-12-31 19:05:06,161 [Worker-8: Importing Maven projects] INFO  o.e.m.c.i.e.AbstractTransferListenerAdapter - Downloading https://repo.maven.apache.org/maven2/org/springframework/boot/spring-boot-starter-jackson/4.0.1/spring-boot-starter-jackson-4.0.1.pom
2025-12-31 19:05:06,171 [Worker-8: Importing Maven projects] INFO  o.e.m.c.i.e.AbstractTransferListenerAdapter - Downloaded https://repo.maven.apache.org/maven2/org/springframework/boot/spring-boot-starter-jackson/4.0.1/spring-boot-starter-jackson-4.0.1.pom
2025-12-31 19:05:06,264 [Worker-8: Importing Maven projects] INFO  o.e.m.c.i.e.AbstractTransferListenerAdapter - Downloading https://repo.maven.apache.org/maven2/org/springframework/boot/spring-boot-jackson/4.0.1/spring-boot-jackson-4.0.1.pom
2025-12-31 19:05:06,271 [Worker-8: Importing Maven projects] INFO  o.e.m.c.i.e.AbstractTransferListenerAdapter - Downloaded https://repo.maven.apache.org/maven2/org/springframework/boot/spring-boot-jackson/4.0.1/spring-boot-jackson-4.0.1.pom
2025-12-31 19:05:06,365 [Worker-8: Importing Maven projects] INFO  o.e.m.c.i.e.AbstractTransferListenerAdapter - Downloading https://repo.maven.apache.org/maven2/tools/jackson/core/jackson-databind/3.0.3/jackson-databind-3.0.3.pom
2025-12-31 19:05:06,375 [Worker-8: Importing Maven projects] INFO  o.e.m.c.i.e.AbstractTransferListenerAdapter - Downloaded https://repo.maven.apache.org/maven2/tools/jackson/core/jackson-databind/3.0.3/jackson-databind-3.0.3.pom
2025-12-31 19:05:06,467 [Worker-8: Importing Maven projects] INFO  o.e.m.c.i.e.AbstractTransferListenerAdapter - Downloading https://repo.maven.apache.org/maven2/tools/jackson/jackson-base/3.0.3/jackson-base-3.0.3.pom
2025-12-31 19:05:06,475 [Worker-8: Importing Maven projects] INFO  o.e.m.c.i.e.AbstractTransferListenerAdapter - Downloaded https://repo.maven.apache.org/maven2/tools/jackson/jackson-base/3.0.3/jackson-base-3.0.3.pom
2025-12-31 19:05:06,673 [Worker-8: Importing Maven projects] INFO  o.e.m.c.i.e.AbstractTransferListenerAdapter - Downloading https://repo.maven.apache.org/maven2/tools/jackson/core/jackson-core/3.0.3/jackson-core-3.0.3.pom
2025-12-31 19:05:06,681 [Worker-8: Importing Maven projects] INFO  o.e.m.c.i.e.AbstractTransferListenerAdapter - Downloaded https://repo.maven.apache.org/maven2/tools/jackson/core/jackson-core/3.0.3/jackson-core-3.0.3.pom
2025-12-31 19:05:06,878 [Worker-8: Importing Maven projects] INFO  o.e.m.c.i.e.AbstractTransferListenerAdapter - Downloading https://repo.maven.apache.org/maven2/org/springframework/boot/spring-boot-starter-tomcat/4.0.1/spring-boot-starter-tomcat-4.0.1.pom
2025-12-31 19:05:06,888 [Worker-8: Importing Maven projects] INFO  o.e.m.c.i.e.AbstractTransferListenerAdapter - Downloaded https://repo.maven.apache.org/maven2/org/springframework/boot/spring-boot-starter-tomcat/4.0.1/spring-boot-starter-tomcat-4.0.1.pom
2025-12-31 19:05:07,083 [Worker-8: Importing Maven projects] INFO  o.e.m.c.i.e.AbstractTransferListenerAdapter - Downloading https://repo.maven.apache.org/maven2/org/springframework/boot/spring-boot-starter-tomcat-runtime/4.0.1/spring-boot-starter-tomcat-runtime-4.0.1.pom
2025-12-31 19:05:07,093 [Worker-8: Importing Maven projects] INFO  o.e.m.c.i.e.AbstractTransferListenerAdapter - Downloaded https://repo.maven.apache.org/maven2/org/springframework/boot/spring-boot-starter-tomcat-runtime/4.0.1/spring-boot-starter-tomcat-runtime-4.0.1.pom
2025-12-31 19:05:07,185 [Worker-8: Importing Maven projects] INFO  o.e.m.c.i.e.AbstractTransferListenerAdapter - Downloading https://repo.maven.apache.org/maven2/org/springframework/boot/spring-boot-tomcat/4.0.1/spring-boot-tomcat-4.0.1.pom
2025-12-31 19:05:07,193 [Worker-8: Importing Maven projects] INFO  o.e.m.c.i.e.AbstractTransferListenerAdapter - Downloaded https://repo.maven.apache.org/maven2/org/springframework/boot/spring-boot-tomcat/4.0.1/spring-boot-tomcat-4.0.1.pom
2025-12-31 19:05:07,389 [Worker-8: Importing Maven projects] INFO  o.e.m.c.i.e.AbstractTransferListenerAdapter - Downloading https://repo.maven.apache.org/maven2/org/springframework/boot/spring-boot-web-server/4.0.1/spring-boot-web-server-4.0.1.pom
2025-12-31 19:05:07,399 [Worker-8: Importing Maven projects] INFO  o.e.m.c.i.e.AbstractTransferListenerAdapter - Downloaded https://repo.maven.apache.org/maven2/org/springframework/boot/spring-boot-web-server/4.0.1/spring-boot-web-server-4.0.1.pom
2025-12-31 19:05:07,571 [Worker-8: Importing Maven projects] INFO  o.e.m.c.i.e.AbstractTransferListenerAdapter - Downloading https://repo.maven.apache.org/maven2/org/apache/tomcat/embed/tomcat-embed-core/11.0.15/tomcat-embed-core-11.0.15.pom
2025-12-31 19:05:07,579 [Worker-8: Importing Maven projects] INFO  o.e.m.c.i.e.AbstractTransferListenerAdapter - Downloaded https://repo.maven.apache.org/maven2/org/apache/tomcat/embed/tomcat-embed-core/11.0.15/tomcat-embed-core-11.0.15.pom
2025-12-31 19:05:07,698 [Worker-8: Importing Maven projects] INFO  o.e.m.c.i.e.AbstractTransferListenerAdapter - Downloading https://repo.maven.apache.org/maven2/org/apache/tomcat/embed/tomcat-embed-el/11.0.15/tomcat-embed-el-11.0.15.pom
2025-12-31 19:05:07,705 [Worker-8: Importing Maven projects] INFO  o.e.m.c.i.e.AbstractTransferListenerAdapter - Downloaded https://repo.maven.apache.org/maven2/org/apache/tomcat/embed/tomcat-embed-el/11.0.15/tomcat-embed-el-11.0.15.pom
2025-12-31 19:05:07,798 [Worker-8: Importing Maven projects] INFO  o.e.m.c.i.e.AbstractTransferListenerAdapter - Downloading https://repo.maven.apache.org/maven2/org/apache/tomcat/embed/tomcat-embed-websocket/11.0.15/tomcat-embed-websocket-11.0.15.pom
2025-12-31 19:05:07,806 [Worker-8: Importing Maven projects] INFO  o.e.m.c.i.e.AbstractTransferListenerAdapter - Downloaded https://repo.maven.apache.org/maven2/org/apache/tomcat/embed/tomcat-embed-websocket/11.0.15/tomcat-embed-websocket-11.0.15.pom
2025-12-31 19:05:07,901 [Worker-8: Importing Maven projects] INFO  o.e.m.c.i.e.AbstractTransferListenerAdapter - Downloading https://repo.maven.apache.org/maven2/org/springframework/boot/spring-boot-http-converter/4.0.1/spring-boot-http-converter-4.0.1.pom
2025-12-31 19:05:07,909 [Worker-8: Importing Maven projects] INFO  o.e.m.c.i.e.AbstractTransferListenerAdapter - Downloaded https://repo.maven.apache.org/maven2/org/springframework/boot/spring-boot-http-converter/4.0.1/spring-boot-http-converter-4.0.1.pom
2025-12-31 19:05:08,221 [Worker-8: Importing Maven projects] INFO  o.e.m.c.i.e.AbstractTransferListenerAdapter - Downloading https://repo.maven.apache.org/maven2/org/springframework/boot/spring-boot-webmvc/4.0.1/spring-boot-webmvc-4.0.1.pom
2025-12-31 19:05:08,231 [Worker-8: Importing Maven projects] INFO  o.e.m.c.i.e.AbstractTransferListenerAdapter - Downloaded https://repo.maven.apache.org/maven2/org/springframework/boot/spring-boot-webmvc/4.0.1/spring-boot-webmvc-4.0.1.pom
2025-12-31 19:05:08,414 [Worker-8: Importing Maven projects] INFO  o.e.m.c.i.e.AbstractTransferListenerAdapter - Downloading https://repo.maven.apache.org/maven2/org/springframework/boot/spring-boot-servlet/4.0.1/spring-boot-servlet-4.0.1.pom
2025-12-31 19:05:08,423 [Worker-8: Importing Maven projects] INFO  o.e.m.c.i.e.AbstractTransferListenerAdapter - Downloaded https://repo.maven.apache.org/maven2/org/springframework/boot/spring-boot-servlet/4.0.1/spring-boot-servlet-4.0.1.pom
2025-12-31 19:05:08,619 [Worker-8: Importing Maven projects] INFO  o.e.m.c.i.e.AbstractTransferListenerAdapter - Downloading https://repo.maven.apache.org/maven2/org/springframework/spring-webmvc/7.0.2/spring-webmvc-7.0.2.pom
2025-12-31 19:05:08,627 [Worker-8: Importing Maven projects] INFO  o.e.m.c.i.e.AbstractTransferListenerAdapter - Downloaded https://repo.maven.apache.org/maven2/org/springframework/spring-webmvc/7.0.2/spring-webmvc-7.0.2.pom
2025-12-31 19:05:08,823 [Worker-8: Importing Maven projects] INFO  o.e.m.c.i.e.AbstractTransferListenerAdapter - Downloading https://repo.maven.apache.org/maven2/org/springframework/boot/spring-boot-devtools/4.0.1/spring-boot-devtools-4.0.1.pom
2025-12-31 19:05:08,831 [Worker-8: Importing Maven projects] INFO  o.e.m.c.i.e.AbstractTransferListenerAdapter - Downloaded https://repo.maven.apache.org/maven2/org/springframework/boot/spring-boot-devtools/4.0.1/spring-boot-devtools-4.0.1.pom
2025-12-31 19:05:09,029 [Worker-8: Importing Maven projects] INFO  o.e.m.c.i.e.AbstractTransferListenerAdapter - Downloading https://repo.maven.apache.org/maven2/org/springframework/boot/spring-boot-starter-data-jpa-test/4.0.1/spring-boot-starter-data-jpa-test-4.0.1.pom
2025-12-31 19:05:09,036 [Worker-8: Importing Maven projects] INFO  o.e.m.c.i.e.AbstractTransferListenerAdapter - Downloaded https://repo.maven.apache.org/maven2/org/springframework/boot/spring-boot-starter-data-jpa-test/4.0.1/spring-boot-starter-data-jpa-test-4.0.1.pom
2025-12-31 19:05:09,232 [Worker-8: Importing Maven projects] INFO  o.e.m.c.i.e.AbstractTransferListenerAdapter - Downloading https://repo.maven.apache.org/maven2/org/springframework/boot/spring-boot-starter-test/4.0.1/spring-boot-starter-test-4.0.1.pom
2025-12-31 19:05:09,241 [Worker-8: Importing Maven projects] INFO  o.e.m.c.i.e.AbstractTransferListenerAdapter - Downloaded https://repo.maven.apache.org/maven2/org/springframework/boot/spring-boot-starter-test/4.0.1/spring-boot-starter-test-4.0.1.pom
2025-12-31 19:05:09,335 [Worker-8: Importing Maven projects] INFO  o.e.m.c.i.e.AbstractTransferListenerAdapter - Downloading https://repo.maven.apache.org/maven2/org/springframework/boot/spring-boot-test/4.0.1/spring-boot-test-4.0.1.pom
2025-12-31 19:05:09,343 [Worker-8: Importing Maven projects] INFO  o.e.m.c.i.e.AbstractTransferListenerAdapter - Downloaded https://repo.maven.apache.org/maven2/org/springframework/boot/spring-boot-test/4.0.1/spring-boot-test-4.0.1.pom
2025-12-31 19:05:09,441 [Worker-8: Importing Maven projects] INFO  o.e.m.c.i.e.AbstractTransferListenerAdapter - Downloading https://repo.maven.apache.org/maven2/org/springframework/spring-test/7.0.2/spring-test-7.0.2.pom
2025-12-31 19:05:09,446 [Worker-8: Importing Maven projects] INFO  o.e.m.c.i.e.AbstractTransferListenerAdapter - Downloaded https://repo.maven.apache.org/maven2/org/springframework/spring-test/7.0.2/spring-test-7.0.2.pom
2025-12-31 19:05:09,541 [Worker-8: Importing Maven projects] INFO  o.e.m.c.i.e.AbstractTransferListenerAdapter - Downloading https://repo.maven.apache.org/maven2/org/springframework/boot/spring-boot-test-autoconfigure/4.0.1/spring-boot-test-autoconfigure-4.0.1.pom
2025-12-31 19:05:09,548 [Worker-8: Importing Maven projects] INFO  o.e.m.c.i.e.AbstractTransferListenerAdapter - Downloaded https://repo.maven.apache.org/maven2/org/springframework/boot/spring-boot-test-autoconfigure/4.0.1/spring-boot-test-autoconfigure-4.0.1.pom
2025-12-31 19:05:09,744 [Worker-8: Importing Maven projects] INFO  o.e.m.c.i.e.AbstractTransferListenerAdapter - Downloading https://repo.maven.apache.org/maven2/com/jayway/jsonpath/json-path/2.10.0/json-path-2.10.0.pom
2025-12-31 19:05:09,753 [Worker-8: Importing Maven projects] INFO  o.e.m.c.i.e.AbstractTransferListenerAdapter - Downloaded https://repo.maven.apache.org/maven2/com/jayway/jsonpath/json-path/2.10.0/json-path-2.10.0.pom
2025-12-31 19:05:09,950 [Worker-8: Importing Maven projects] INFO  o.e.m.c.i.e.AbstractTransferListenerAdapter - Downloading https://repo.maven.apache.org/maven2/org/springframework/boot/spring-boot-starter-jdbc-test/4.0.1/spring-boot-starter-jdbc-test-4.0.1.pom
2025-12-31 19:05:09,958 [Worker-8: Importing Maven projects] INFO  o.e.m.c.i.e.AbstractTransferListenerAdapter - Downloaded https://repo.maven.apache.org/maven2/org/springframework/boot/spring-boot-starter-jdbc-test/4.0.1/spring-boot-starter-jdbc-test-4.0.1.pom
2025-12-31 19:05:10,053 [Worker-8: Importing Maven projects] INFO  o.e.m.c.i.e.AbstractTransferListenerAdapter - Downloading https://repo.maven.apache.org/maven2/org/springframework/boot/spring-boot-jdbc-test/4.0.1/spring-boot-jdbc-test-4.0.1.pom
2025-12-31 19:05:10,060 [Worker-8: Importing Maven projects] INFO  o.e.m.c.i.e.AbstractTransferListenerAdapter - Downloaded https://repo.maven.apache.org/maven2/org/springframework/boot/spring-boot-jdbc-test/4.0.1/spring-boot-jdbc-test-4.0.1.pom
2025-12-31 19:05:10,156 [Worker-8: Importing Maven projects] INFO  o.e.m.c.i.e.AbstractTransferListenerAdapter - Downloading https://repo.maven.apache.org/maven2/org/springframework/boot/spring-boot-data-jpa-test/4.0.1/spring-boot-data-jpa-test-4.0.1.pom
2025-12-31 19:05:10,163 [Worker-8: Importing Maven projects] INFO  o.e.m.c.i.e.AbstractTransferListenerAdapter - Downloaded https://repo.maven.apache.org/maven2/org/springframework/boot/spring-boot-data-jpa-test/4.0.1/spring-boot-data-jpa-test-4.0.1.pom
2025-12-31 19:05:10,257 [Worker-8: Importing Maven projects] INFO  o.e.m.c.i.e.AbstractTransferListenerAdapter - Downloading https://repo.maven.apache.org/maven2/org/springframework/boot/spring-boot-jpa-test/4.0.1/spring-boot-jpa-test-4.0.1.pom
2025-12-31 19:05:10,266 [Worker-8: Importing Maven projects] INFO  o.e.m.c.i.e.AbstractTransferListenerAdapter - Downloaded https://repo.maven.apache.org/maven2/org/springframework/boot/spring-boot-jpa-test/4.0.1/spring-boot-jpa-test-4.0.1.pom
2025-12-31 19:05:10,462 [Worker-8: Importing Maven projects] INFO  o.e.m.c.i.e.AbstractTransferListenerAdapter - Downloading https://repo.maven.apache.org/maven2/org/springframework/boot/spring-boot-starter-security-test/4.0.1/spring-boot-starter-security-test-4.0.1.pom
2025-12-31 19:05:10,469 [Worker-8: Importing Maven projects] INFO  o.e.m.c.i.e.AbstractTransferListenerAdapter - Downloaded https://repo.maven.apache.org/maven2/org/springframework/boot/spring-boot-starter-security-test/4.0.1/spring-boot-starter-security-test-4.0.1.pom
2025-12-31 19:05:10,582 [Worker-8: Importing Maven projects] INFO  o.e.m.c.i.e.AbstractTransferListenerAdapter - Downloading https://repo.maven.apache.org/maven2/org/springframework/boot/spring-boot-security-test/4.0.1/spring-boot-security-test-4.0.1.pom
2025-12-31 19:05:10,590 [Worker-8: Importing Maven projects] INFO  o.e.m.c.i.e.AbstractTransferListenerAdapter - Downloaded https://repo.maven.apache.org/maven2/org/springframework/boot/spring-boot-security-test/4.0.1/spring-boot-security-test-4.0.1.pom
2025-12-31 19:05:10,671 [Worker-8: Importing Maven projects] INFO  o.e.m.c.i.e.AbstractTransferListenerAdapter - Downloading https://repo.maven.apache.org/maven2/org/springframework/security/spring-security-test/7.0.2/spring-security-test-7.0.2.pom
2025-12-31 19:05:10,679 [Worker-8: Importing Maven projects] INFO  o.e.m.c.i.e.AbstractTransferListenerAdapter - Downloaded https://repo.maven.apache.org/maven2/org/springframework/security/spring-security-test/7.0.2/spring-security-test-7.0.2.pom
2025-12-31 19:05:10,769 [Worker-8: Importing Maven projects] INFO  o.e.m.c.i.e.AbstractTransferListenerAdapter - Downloading https://repo.maven.apache.org/maven2/org/springframework/boot/spring-boot-starter-webmvc-test/4.0.1/spring-boot-starter-webmvc-test-4.0.1.pom
2025-12-31 19:05:10,796 [Worker-8: Importing Maven projects] INFO  o.e.m.c.i.e.AbstractTransferListenerAdapter - Downloaded https://repo.maven.apache.org/maven2/org/springframework/boot/spring-boot-starter-webmvc-test/4.0.1/spring-boot-starter-webmvc-test-4.0.1.pom
2025-12-31 19:05:10,975 [Worker-8: Importing Maven projects] INFO  o.e.m.c.i.e.AbstractTransferListenerAdapter - Downloading https://repo.maven.apache.org/maven2/org/springframework/boot/spring-boot-starter-jackson-test/4.0.1/spring-boot-starter-jackson-test-4.0.1.pom
2025-12-31 19:05:10,983 [Worker-8: Importing Maven projects] INFO  o.e.m.c.i.e.AbstractTransferListenerAdapter - Downloaded https://repo.maven.apache.org/maven2/org/springframework/boot/spring-boot-starter-jackson-test/4.0.1/spring-boot-starter-jackson-test-4.0.1.pom
2025-12-31 19:05:11,075 [Worker-8: Importing Maven projects] INFO  o.e.m.c.i.e.AbstractTransferListenerAdapter - Downloading https://repo.maven.apache.org/maven2/org/springframework/boot/spring-boot-webmvc-test/4.0.1/spring-boot-webmvc-test-4.0.1.pom
2025-12-31 19:05:11,083 [Worker-8: Importing Maven projects] INFO  o.e.m.c.i.e.AbstractTransferListenerAdapter - Downloaded https://repo.maven.apache.org/maven2/org/springframework/boot/spring-boot-webmvc-test/4.0.1/spring-boot-webmvc-test-4.0.1.pom
2025-12-31 19:05:11,184 [Worker-8: Importing Maven projects] INFO  o.e.m.c.i.e.AbstractTransferListenerAdapter - Downloading https://repo.maven.apache.org/maven2/org/springframework/boot/spring-boot-resttestclient/4.0.1/spring-boot-resttestclient-4.0.1.pom
2025-12-31 19:05:11,193 [Worker-8: Importing Maven projects] INFO  o.e.m.c.i.e.AbstractTransferListenerAdapter - Downloaded https://repo.maven.apache.org/maven2/org/springframework/boot/spring-boot-resttestclient/4.0.1/spring-boot-resttestclient-4.0.1.pom
2025-12-31 19:05:11,589 [Worker-8: Importing Maven projects] INFO  o.e.m.c.i.e.AbstractTransferListenerAdapter - Downloading https://repo.maven.apache.org/maven2/org/springframework/boot/spring-boot-starter-data-jpa/4.0.1/spring-boot-starter-data-jpa-4.0.1.jar
2025-12-31 19:05:11,595 [Worker-8: Importing Maven projects] INFO  o.e.m.c.i.e.AbstractTransferListenerAdapter - Downloaded https://repo.maven.apache.org/maven2/org/springframework/boot/spring-boot-starter-data-jpa/4.0.1/spring-boot-starter-data-jpa-4.0.1.jar
2025-12-31 19:05:11,899 [BasicRepositoryConnector-repo.maven.apache.org-0-2] INFO  o.e.m.c.i.e.AbstractTransferListenerAdapter - Downloading https://repo.maven.apache.org/maven2/ch/qos/logback/logback-classic/1.5.22/logback-classic-1.5.22.jar
2025-12-31 19:05:11,942 [BasicRepositoryConnector-repo.maven.apache.org-0-2] INFO  o.e.m.c.i.e.AbstractTransferListenerAdapter - Downloaded https://repo.maven.apache.org/maven2/ch/qos/logback/logback-classic/1.5.22/logback-classic-1.5.22.jar
2025-12-31 19:05:11,999 [BasicRepositoryConnector-repo.maven.apache.org-0-2] INFO  o.e.m.c.i.e.AbstractTransferListenerAdapter - Downloading https://repo.maven.apache.org/maven2/org/apache/logging/log4j/log4j-api/2.25.3/log4j-api-2.25.3.jar
2025-12-31 19:05:12,000 [BasicRepositoryConnector-repo.maven.apache.org-0-3] INFO  o.e.m.c.i.e.AbstractTransferListenerAdapter - Downloading https://repo.maven.apache.org/maven2/ch/qos/logback/logback-core/1.5.22/logback-core-1.5.22.jar
2025-12-31 19:05:12,004 [BasicRepositoryConnector-repo.maven.apache.org-0-0] INFO  o.e.m.c.i.e.AbstractTransferListenerAdapter - Downloading https://repo.maven.apache.org/maven2/org/springframework/boot/spring-boot-starter/4.0.1/spring-boot-starter-4.0.1.jar
2025-12-31 19:05:12,013 [BasicRepositoryConnector-repo.maven.apache.org-0-0] INFO  o.e.m.c.i.e.AbstractTransferListenerAdapter - Downloaded https://repo.maven.apache.org/maven2/org/springframework/boot/spring-boot-starter/4.0.1/spring-boot-starter-4.0.1.jar
2025-12-31 19:05:12,017 [BasicRepositoryConnector-repo.maven.apache.org-0-4] INFO  o.e.m.c.i.e.AbstractTransferListenerAdapter - Downloading https://repo.maven.apache.org/maven2/org/apache/logging/log4j/log4j-to-slf4j/2.25.3/log4j-to-slf4j-2.25.3.jar
2025-12-31 19:05:12,017 [BasicRepositoryConnector-repo.maven.apache.org-0-1] INFO  o.e.m.c.i.e.AbstractTransferListenerAdapter - Downloading https://repo.maven.apache.org/maven2/org/springframework/boot/spring-boot-starter-logging/4.0.1/spring-boot-starter-logging-4.0.1.jar
2025-12-31 19:05:12,027 [BasicRepositoryConnector-repo.maven.apache.org-0-1] INFO  o.e.m.c.i.e.AbstractTransferListenerAdapter - Downloaded https://repo.maven.apache.org/maven2/org/springframework/boot/spring-boot-starter-logging/4.0.1/spring-boot-starter-logging-4.0.1.jar
2025-12-31 19:05:12,029 [BasicRepositoryConnector-repo.maven.apache.org-0-4] INFO  o.e.m.c.i.e.AbstractTransferListenerAdapter - Downloaded https://repo.maven.apache.org/maven2/org/apache/logging/log4j/log4j-to-slf4j/2.25.3/log4j-to-slf4j-2.25.3.jar
2025-12-31 19:05:12,037 [BasicRepositoryConnector-repo.maven.apache.org-0-2] INFO  o.e.m.c.i.e.AbstractTransferListenerAdapter - Downloaded https://repo.maven.apache.org/maven2/org/apache/logging/log4j/log4j-api/2.25.3/log4j-api-2.25.3.jar
2025-12-31 19:05:12,105 [BasicRepositoryConnector-repo.maven.apache.org-0-4] INFO  o.e.m.c.i.e.AbstractTransferListenerAdapter - Downloading https://repo.maven.apache.org/maven2/org/springframework/boot/spring-boot-data-commons/4.0.1/spring-boot-data-commons-4.0.1.jar
2025-12-31 19:05:12,105 [BasicRepositoryConnector-repo.maven.apache.org-0-0] INFO  o.e.m.c.i.e.AbstractTransferListenerAdapter - Downloading https://repo.maven.apache.org/maven2/org/springframework/boot/spring-boot-starter-jdbc/4.0.1/spring-boot-starter-jdbc-4.0.1.jar
2025-12-31 19:05:12,105 [BasicRepositoryConnector-repo.maven.apache.org-0-1] INFO  o.e.m.c.i.e.AbstractTransferListenerAdapter - Downloading https://repo.maven.apache.org/maven2/org/springframework/boot/spring-boot-data-jpa/4.0.1/spring-boot-data-jpa-4.0.1.jar
2025-12-31 19:05:12,113 [BasicRepositoryConnector-repo.maven.apache.org-0-0] INFO  o.e.m.c.i.e.AbstractTransferListenerAdapter - Downloaded https://repo.maven.apache.org/maven2/org/springframework/boot/spring-boot-starter-jdbc/4.0.1/spring-boot-starter-jdbc-4.0.1.jar
2025-12-31 19:05:12,113 [BasicRepositoryConnector-repo.maven.apache.org-0-1] INFO  o.e.m.c.i.e.AbstractTransferListenerAdapter - Downloaded https://repo.maven.apache.org/maven2/org/springframework/boot/spring-boot-data-jpa/4.0.1/spring-boot-data-jpa-4.0.1.jar
2025-12-31 19:05:12,119 [BasicRepositoryConnector-repo.maven.apache.org-0-2] INFO  o.e.m.c.i.e.AbstractTransferListenerAdapter - Downloading https://repo.maven.apache.org/maven2/org/springframework/boot/spring-boot-persistence/4.0.1/spring-boot-persistence-4.0.1.jar
2025-12-31 19:05:12,124 [BasicRepositoryConnector-repo.maven.apache.org-0-4] INFO  o.e.m.c.i.e.AbstractTransferListenerAdapter - Downloaded https://repo.maven.apache.org/maven2/org/springframework/boot/spring-boot-data-commons/4.0.1/spring-boot-data-commons-4.0.1.jar
2025-12-31 19:05:12,127 [BasicRepositoryConnector-repo.maven.apache.org-0-2] INFO  o.e.m.c.i.e.AbstractTransferListenerAdapter - Downloaded https://repo.maven.apache.org/maven2/org/springframework/boot/spring-boot-persistence/4.0.1/spring-boot-persistence-4.0.1.jar
2025-12-31 19:05:12,161 [BasicRepositoryConnector-repo.maven.apache.org-0-0] INFO  o.e.m.c.i.e.AbstractTransferListenerAdapter - Downloading https://repo.maven.apache.org/maven2/org/springframework/boot/spring-boot-hibernate/4.0.1/spring-boot-hibernate-4.0.1.jar
2025-12-31 19:05:12,174 [BasicRepositoryConnector-repo.maven.apache.org-0-0] INFO  o.e.m.c.i.e.AbstractTransferListenerAdapter - Downloaded https://repo.maven.apache.org/maven2/org/springframework/boot/spring-boot-hibernate/4.0.1/spring-boot-hibernate-4.0.1.jar
2025-12-31 19:05:12,178 [BasicRepositoryConnector-repo.maven.apache.org-0-1] INFO  o.e.m.c.i.e.AbstractTransferListenerAdapter - Downloading https://repo.maven.apache.org/maven2/org/springframework/data/spring-data-commons/4.0.1/spring-data-commons-4.0.1.jar
2025-12-31 19:05:12,196 [BasicRepositoryConnector-repo.maven.apache.org-0-3] INFO  o.e.m.c.i.e.AbstractTransferListenerAdapter - Downloaded https://repo.maven.apache.org/maven2/ch/qos/logback/logback-core/1.5.22/logback-core-1.5.22.jar
2025-12-31 19:05:12,199 [BasicRepositoryConnector-repo.maven.apache.org-0-4] INFO  o.e.m.c.i.e.AbstractTransferListenerAdapter - Downloading https://repo.maven.apache.org/maven2/org/springframework/boot/spring-boot-jpa/4.0.1/spring-boot-jpa-4.0.1.jar
2025-12-31 19:05:12,202 [BasicRepositoryConnector-repo.maven.apache.org-0-2] INFO  o.e.m.c.i.e.AbstractTransferListenerAdapter - Downloading https://repo.maven.apache.org/maven2/org/hibernate/orm/hibernate-core/7.2.0.Final/hibernate-core-7.2.0.Final.jar
2025-12-31 19:05:12,208 [BasicRepositoryConnector-repo.maven.apache.org-0-4] INFO  o.e.m.c.i.e.AbstractTransferListenerAdapter - Downloaded https://repo.maven.apache.org/maven2/org/springframework/boot/spring-boot-jpa/4.0.1/spring-boot-jpa-4.0.1.jar
2025-12-31 19:05:12,227 [BasicRepositoryConnector-repo.maven.apache.org-0-0] INFO  o.e.m.c.i.e.AbstractTransferListenerAdapter - Downloading https://repo.maven.apache.org/maven2/org/springframework/spring-orm/7.0.2/spring-orm-7.0.2.jar
2025-12-31 19:05:12,258 [BasicRepositoryConnector-repo.maven.apache.org-0-3] INFO  o.e.m.c.i.e.AbstractTransferListenerAdapter - Downloading https://repo.maven.apache.org/maven2/org/springframework/data/spring-data-jpa/4.0.1/spring-data-jpa-4.0.1.jar
2025-12-31 19:05:12,298 [BasicRepositoryConnector-repo.maven.apache.org-0-4] INFO  o.e.m.c.i.e.AbstractTransferListenerAdapter - Downloading https://repo.maven.apache.org/maven2/org/springframework/spring-tx/7.0.2/spring-tx-7.0.2.jar
2025-12-31 19:05:12,363 [BasicRepositoryConnector-repo.maven.apache.org-0-1] INFO  o.e.m.c.i.e.AbstractTransferListenerAdapter - Downloaded https://repo.maven.apache.org/maven2/org/springframework/data/spring-data-commons/4.0.1/spring-data-commons-4.0.1.jar
2025-12-31 19:05:12,375 [BasicRepositoryConnector-repo.maven.apache.org-0-0] INFO  o.e.m.c.i.e.AbstractTransferListenerAdapter - Downloaded https://repo.maven.apache.org/maven2/org/springframework/spring-orm/7.0.2/spring-orm-7.0.2.jar
2025-12-31 19:05:12,435 [BasicRepositoryConnector-repo.maven.apache.org-0-4] INFO  o.e.m.c.i.e.AbstractTransferListenerAdapter - Downloaded https://repo.maven.apache.org/maven2/org/springframework/spring-tx/7.0.2/spring-tx-7.0.2.jar
2025-12-31 19:05:12,442 [BasicRepositoryConnector-repo.maven.apache.org-0-1] INFO  o.e.m.c.i.e.AbstractTransferListenerAdapter - Downloading https://repo.maven.apache.org/maven2/org/springframework/spring-aspects/7.0.2/spring-aspects-7.0.2.jar
2025-12-31 19:05:12,449 [BasicRepositoryConnector-repo.maven.apache.org-0-1] INFO  o.e.m.c.i.e.AbstractTransferListenerAdapter - Downloaded https://repo.maven.apache.org/maven2/org/springframework/spring-aspects/7.0.2/spring-aspects-7.0.2.jar
2025-12-31 19:05:12,451 [BasicRepositoryConnector-repo.maven.apache.org-0-0] INFO  o.e.m.c.i.e.AbstractTransferListenerAdapter - Downloading https://repo.maven.apache.org/maven2/org/aspectj/aspectjweaver/1.9.25.1/aspectjweaver-1.9.25.1.jar
2025-12-31 19:05:12,496 [BasicRepositoryConnector-repo.maven.apache.org-0-4] INFO  o.e.m.c.i.e.AbstractTransferListenerAdapter - Downloading https://repo.maven.apache.org/maven2/org/springframework/boot/spring-boot-jdbc/4.0.1/spring-boot-jdbc-4.0.1.jar
2025-12-31 19:05:12,516 [BasicRepositoryConnector-repo.maven.apache.org-0-3] INFO  o.e.m.c.i.e.AbstractTransferListenerAdapter - Downloaded https://repo.maven.apache.org/maven2/org/springframework/data/spring-data-jpa/4.0.1/spring-data-jpa-4.0.1.jar
2025-12-31 19:05:12,518 [BasicRepositoryConnector-repo.maven.apache.org-0-4] INFO  o.e.m.c.i.e.AbstractTransferListenerAdapter - Downloaded https://repo.maven.apache.org/maven2/org/springframework/boot/spring-boot-jdbc/4.0.1/spring-boot-jdbc-4.0.1.jar
2025-12-31 19:05:12,530 [BasicRepositoryConnector-repo.maven.apache.org-0-1] INFO  o.e.m.c.i.e.AbstractTransferListenerAdapter - Downloading https://repo.maven.apache.org/maven2/org/springframework/boot/spring-boot-sql/4.0.1/spring-boot-sql-4.0.1.jar
2025-12-31 19:05:12,537 [BasicRepositoryConnector-repo.maven.apache.org-0-1] INFO  o.e.m.c.i.e.AbstractTransferListenerAdapter - Downloaded https://repo.maven.apache.org/maven2/org/springframework/boot/spring-boot-sql/4.0.1/spring-boot-sql-4.0.1.jar
2025-12-31 19:05:12,618 [BasicRepositoryConnector-repo.maven.apache.org-0-3] INFO  o.e.m.c.i.e.AbstractTransferListenerAdapter - Downloading https://repo.maven.apache.org/maven2/org/springframework/boot/spring-boot-transaction/4.0.1/spring-boot-transaction-4.0.1.jar
2025-12-31 19:05:12,618 [BasicRepositoryConnector-repo.maven.apache.org-0-4] INFO  o.e.m.c.i.e.AbstractTransferListenerAdapter - Downloading https://repo.maven.apache.org/maven2/org/springframework/spring-jdbc/7.0.2/spring-jdbc-7.0.2.jar
2025-12-31 19:05:12,628 [BasicRepositoryConnector-repo.maven.apache.org-0-3] INFO  o.e.m.c.i.e.AbstractTransferListenerAdapter - Downloaded https://repo.maven.apache.org/maven2/org/springframework/boot/spring-boot-transaction/4.0.1/spring-boot-transaction-4.0.1.jar
2025-12-31 19:05:12,628 [BasicRepositoryConnector-repo.maven.apache.org-0-1] INFO  o.e.m.c.i.e.AbstractTransferListenerAdapter - Downloading https://repo.maven.apache.org/maven2/org/springframework/boot/spring-boot-starter-security/4.0.1/spring-boot-starter-security-4.0.1.jar
2025-12-31 19:05:12,635 [BasicRepositoryConnector-repo.maven.apache.org-0-1] INFO  o.e.m.c.i.e.AbstractTransferListenerAdapter - Downloaded https://repo.maven.apache.org/maven2/org/springframework/boot/spring-boot-starter-security/4.0.1/spring-boot-starter-security-4.0.1.jar
2025-12-31 19:05:12,656 [BasicRepositoryConnector-repo.maven.apache.org-0-4] INFO  o.e.m.c.i.e.AbstractTransferListenerAdapter - Downloaded https://repo.maven.apache.org/maven2/org/springframework/spring-jdbc/7.0.2/spring-jdbc-7.0.2.jar
2025-12-31 19:05:12,714 [BasicRepositoryConnector-repo.maven.apache.org-0-3] INFO  o.e.m.c.i.e.AbstractTransferListenerAdapter - Downloading https://repo.maven.apache.org/maven2/org/springframework/boot/spring-boot-security/4.0.1/spring-boot-security-4.0.1.jar
2025-12-31 19:05:12,721 [BasicRepositoryConnector-repo.maven.apache.org-0-1] INFO  o.e.m.c.i.e.AbstractTransferListenerAdapter - Downloading https://repo.maven.apache.org/maven2/org/springframework/security/spring-security-config/7.0.2/spring-security-config-7.0.2.jar
2025-12-31 19:05:12,723 [BasicRepositoryConnector-repo.maven.apache.org-0-3] INFO  o.e.m.c.i.e.AbstractTransferListenerAdapter - Downloaded https://repo.maven.apache.org/maven2/org/springframework/boot/spring-boot-security/4.0.1/spring-boot-security-4.0.1.jar
2025-12-31 19:05:12,762 [BasicRepositoryConnector-repo.maven.apache.org-0-4] INFO  o.e.m.c.i.e.AbstractTransferListenerAdapter - Downloading https://repo.maven.apache.org/maven2/org/springframework/security/spring-security-core/7.0.2/spring-security-core-7.0.2.jar
2025-12-31 19:05:12,804 [BasicRepositoryConnector-repo.maven.apache.org-0-3] INFO  o.e.m.c.i.e.AbstractTransferListenerAdapter - Downloading https://repo.maven.apache.org/maven2/org/springframework/security/spring-security-crypto/7.0.2/spring-security-crypto-7.0.2.jar
2025-12-31 19:05:12,818 [BasicRepositoryConnector-repo.maven.apache.org-0-3] INFO  o.e.m.c.i.e.AbstractTransferListenerAdapter - Downloaded https://repo.maven.apache.org/maven2/org/springframework/security/spring-security-crypto/7.0.2/spring-security-crypto-7.0.2.jar
2025-12-31 19:05:12,842 [BasicRepositoryConnector-repo.maven.apache.org-0-4] INFO  o.e.m.c.i.e.AbstractTransferListenerAdapter - Downloaded https://repo.maven.apache.org/maven2/org/springframework/security/spring-security-core/7.0.2/spring-security-core-7.0.2.jar
2025-12-31 19:05:12,852 [BasicRepositoryConnector-repo.maven.apache.org-0-0] INFO  o.e.m.c.i.e.AbstractTransferListenerAdapter - Downloaded https://repo.maven.apache.org/maven2/org/aspectj/aspectjweaver/1.9.25.1/aspectjweaver-1.9.25.1.jar
2025-12-31 19:05:12,933 [BasicRepositoryConnector-repo.maven.apache.org-0-3] INFO  o.e.m.c.i.e.AbstractTransferListenerAdapter - Downloading https://repo.maven.apache.org/maven2/org/springframework/security/spring-security-web/7.0.2/spring-security-web-7.0.2.jar
2025-12-31 19:05:12,964 [BasicRepositoryConnector-repo.maven.apache.org-0-4] INFO  o.e.m.c.i.e.AbstractTransferListenerAdapter - Downloading https://repo.maven.apache.org/maven2/org/springframework/spring-expression/7.0.2/spring-expression-7.0.2.jar
2025-12-31 19:05:12,995 [BasicRepositoryConnector-repo.maven.apache.org-0-0] INFO  o.e.m.c.i.e.AbstractTransferListenerAdapter - Downloading https://repo.maven.apache.org/maven2/org/springframework/spring-aop/7.0.2/spring-aop-7.0.2.jar
2025-12-31 19:05:12,996 [BasicRepositoryConnector-repo.maven.apache.org-0-4] INFO  o.e.m.c.i.e.AbstractTransferListenerAdapter - Downloaded https://repo.maven.apache.org/maven2/org/springframework/spring-expression/7.0.2/spring-expression-7.0.2.jar
2025-12-31 19:05:13,004 [BasicRepositoryConnector-repo.maven.apache.org-0-3] INFO  o.e.m.c.i.e.AbstractTransferListenerAdapter - Downloaded https://repo.maven.apache.org/maven2/org/springframework/security/spring-security-web/7.0.2/spring-security-web-7.0.2.jar
2025-12-31 19:05:13,048 [BasicRepositoryConnector-repo.maven.apache.org-0-0] INFO  o.e.m.c.i.e.AbstractTransferListenerAdapter - Downloaded https://repo.maven.apache.org/maven2/org/springframework/spring-aop/7.0.2/spring-aop-7.0.2.jar
2025-12-31 19:05:13,052 [BasicRepositoryConnector-repo.maven.apache.org-0-1] INFO  o.e.m.c.i.e.AbstractTransferListenerAdapter - Downloaded https://repo.maven.apache.org/maven2/org/springframework/security/spring-security-config/7.0.2/spring-security-config-7.0.2.jar
2025-12-31 19:05:13,054 [BasicRepositoryConnector-repo.maven.apache.org-0-3] INFO  o.e.m.c.i.e.AbstractTransferListenerAdapter - Downloading https://repo.maven.apache.org/maven2/org/springframework/spring-core/7.0.2/spring-core-7.0.2.jar
2025-12-31 19:05:13,073 [BasicRepositoryConnector-repo.maven.apache.org-0-4] INFO  o.e.m.c.i.e.AbstractTransferListenerAdapter - Downloading https://repo.maven.apache.org/maven2/org/springframework/spring-beans/7.0.2/spring-beans-7.0.2.jar
2025-12-31 19:05:13,118 [BasicRepositoryConnector-repo.maven.apache.org-0-1] INFO  o.e.m.c.i.e.AbstractTransferListenerAdapter - Downloading https://repo.maven.apache.org/maven2/org/springframework/boot/spring-boot-starter-jackson/4.0.1/spring-boot-starter-jackson-4.0.1.jar
2025-12-31 19:05:13,124 [BasicRepositoryConnector-repo.maven.apache.org-0-1] INFO  o.e.m.c.i.e.AbstractTransferListenerAdapter - Downloaded https://repo.maven.apache.org/maven2/org/springframework/boot/spring-boot-starter-jackson/4.0.1/spring-boot-starter-jackson-4.0.1.jar
2025-12-31 19:05:13,131 [BasicRepositoryConnector-repo.maven.apache.org-0-0] INFO  o.e.m.c.i.e.AbstractTransferListenerAdapter - Downloading https://repo.maven.apache.org/maven2/org/springframework/boot/spring-boot-starter-webmvc/4.0.1/spring-boot-starter-webmvc-4.0.1.jar
2025-12-31 19:05:13,137 [BasicRepositoryConnector-repo.maven.apache.org-0-0] INFO  o.e.m.c.i.e.AbstractTransferListenerAdapter - Downloaded https://repo.maven.apache.org/maven2/org/springframework/boot/spring-boot-starter-webmvc/4.0.1/spring-boot-starter-webmvc-4.0.1.jar
2025-12-31 19:05:13,170 [BasicRepositoryConnector-repo.maven.apache.org-0-4] INFO  o.e.m.c.i.e.AbstractTransferListenerAdapter - Downloaded https://repo.maven.apache.org/maven2/org/springframework/spring-beans/7.0.2/spring-beans-7.0.2.jar
2025-12-31 19:05:13,199 [BasicRepositoryConnector-repo.maven.apache.org-0-3] INFO  o.e.m.c.i.e.AbstractTransferListenerAdapter - Downloaded https://repo.maven.apache.org/maven2/org/springframework/spring-core/7.0.2/spring-core-7.0.2.jar
2025-12-31 19:05:13,218 [BasicRepositoryConnector-repo.maven.apache.org-0-1] INFO  o.e.m.c.i.e.AbstractTransferListenerAdapter - Downloading https://repo.maven.apache.org/maven2/org/springframework/boot/spring-boot-jackson/4.0.1/spring-boot-jackson-4.0.1.jar
2025-12-31 19:05:13,224 [BasicRepositoryConnector-repo.maven.apache.org-0-1] INFO  o.e.m.c.i.e.AbstractTransferListenerAdapter - Downloaded https://repo.maven.apache.org/maven2/org/springframework/boot/spring-boot-jackson/4.0.1/spring-boot-jackson-4.0.1.jar
2025-12-31 19:05:13,253 [BasicRepositoryConnector-repo.maven.apache.org-0-0] INFO  o.e.m.c.i.e.AbstractTransferListenerAdapter - Downloading https://repo.maven.apache.org/maven2/tools/jackson/core/jackson-databind/3.0.3/jackson-databind-3.0.3.jar
2025-12-31 19:05:13,292 [BasicRepositoryConnector-repo.maven.apache.org-0-4] INFO  o.e.m.c.i.e.AbstractTransferListenerAdapter - Downloading https://repo.maven.apache.org/maven2/tools/jackson/core/jackson-core/3.0.3/jackson-core-3.0.3.jar
2025-12-31 19:05:13,312 [BasicRepositoryConnector-repo.maven.apache.org-0-3] INFO  o.e.m.c.i.e.AbstractTransferListenerAdapter - Downloading https://repo.maven.apache.org/maven2/org/springframework/boot/spring-boot-starter-tomcat/4.0.1/spring-boot-starter-tomcat-4.0.1.jar
2025-12-31 19:05:13,316 [BasicRepositoryConnector-repo.maven.apache.org-0-3] INFO  o.e.m.c.i.e.AbstractTransferListenerAdapter - Downloaded https://repo.maven.apache.org/maven2/org/springframework/boot/spring-boot-starter-tomcat/4.0.1/spring-boot-starter-tomcat-4.0.1.jar
2025-12-31 19:05:13,323 [BasicRepositoryConnector-repo.maven.apache.org-0-1] INFO  o.e.m.c.i.e.AbstractTransferListenerAdapter - Downloading https://repo.maven.apache.org/maven2/org/springframework/boot/spring-boot-starter-tomcat-runtime/4.0.1/spring-boot-starter-tomcat-runtime-4.0.1.jar
2025-12-31 19:05:13,327 [BasicRepositoryConnector-repo.maven.apache.org-0-1] INFO  o.e.m.c.i.e.AbstractTransferListenerAdapter - Downloaded https://repo.maven.apache.org/maven2/org/springframework/boot/spring-boot-starter-tomcat-runtime/4.0.1/spring-boot-starter-tomcat-runtime-4.0.1.jar
2025-12-31 19:05:13,398 [BasicRepositoryConnector-repo.maven.apache.org-0-1] INFO  o.e.m.c.i.e.AbstractTransferListenerAdapter - Downloading https://repo.maven.apache.org/maven2/org/apache/tomcat/embed/tomcat-embed-el/11.0.15/tomcat-embed-el-11.0.15.jar
2025-12-31 19:05:13,401 [BasicRepositoryConnector-repo.maven.apache.org-0-4] INFO  o.e.m.c.i.e.AbstractTransferListenerAdapter - Downloaded https://repo.maven.apache.org/maven2/tools/jackson/core/jackson-core/3.0.3/jackson-core-3.0.3.jar
2025-12-31 19:05:13,402 [BasicRepositoryConnector-repo.maven.apache.org-0-3] INFO  o.e.m.c.i.e.AbstractTransferListenerAdapter - Downloading https://repo.maven.apache.org/maven2/org/apache/tomcat/embed/tomcat-embed-core/11.0.15/tomcat-embed-core-11.0.15.jar
2025-12-31 19:05:13,458 [BasicRepositoryConnector-repo.maven.apache.org-0-1] INFO  o.e.m.c.i.e.AbstractTransferListenerAdapter - Downloaded https://repo.maven.apache.org/maven2/org/apache/tomcat/embed/tomcat-embed-el/11.0.15/tomcat-embed-el-11.0.15.jar
2025-12-31 19:05:13,504 [BasicRepositoryConnector-repo.maven.apache.org-0-4] INFO  o.e.m.c.i.e.AbstractTransferListenerAdapter - Downloading https://repo.maven.apache.org/maven2/org/apache/tomcat/embed/tomcat-embed-websocket/11.0.15/tomcat-embed-websocket-11.0.15.jar
2025-12-31 19:05:13,509 [BasicRepositoryConnector-repo.maven.apache.org-0-0] INFO  o.e.m.c.i.e.AbstractTransferListenerAdapter - Downloaded https://repo.maven.apache.org/maven2/tools/jackson/core/jackson-databind/3.0.3/jackson-databind-3.0.3.jar
2025-12-31 19:05:13,550 [BasicRepositoryConnector-repo.maven.apache.org-0-4] INFO  o.e.m.c.i.e.AbstractTransferListenerAdapter - Downloaded https://repo.maven.apache.org/maven2/org/apache/tomcat/embed/tomcat-embed-websocket/11.0.15/tomcat-embed-websocket-11.0.15.jar
2025-12-31 19:05:13,553 [BasicRepositoryConnector-repo.maven.apache.org-0-1] INFO  o.e.m.c.i.e.AbstractTransferListenerAdapter - Downloading https://repo.maven.apache.org/maven2/org/springframework/boot/spring-boot-tomcat/4.0.1/spring-boot-tomcat-4.0.1.jar
2025-12-31 19:05:13,563 [BasicRepositoryConnector-repo.maven.apache.org-0-1] INFO  o.e.m.c.i.e.AbstractTransferListenerAdapter - Downloaded https://repo.maven.apache.org/maven2/org/springframework/boot/spring-boot-tomcat/4.0.1/spring-boot-tomcat-4.0.1.jar
2025-12-31 19:05:13,599 [BasicRepositoryConnector-repo.maven.apache.org-0-2] INFO  o.e.m.c.i.e.AbstractTransferListenerAdapter - Downloaded https://repo.maven.apache.org/maven2/org/hibernate/orm/hibernate-core/7.2.0.Final/hibernate-core-7.2.0.Final.jar
2025-12-31 19:05:13,601 [BasicRepositoryConnector-repo.maven.apache.org-0-0] INFO  o.e.m.c.i.e.AbstractTransferListenerAdapter - Downloading https://repo.maven.apache.org/maven2/org/springframework/boot/spring-boot-http-converter/4.0.1/spring-boot-http-converter-4.0.1.jar
2025-12-31 19:05:13,611 [BasicRepositoryConnector-repo.maven.apache.org-0-0] INFO  o.e.m.c.i.e.AbstractTransferListenerAdapter - Downloaded https://repo.maven.apache.org/maven2/org/springframework/boot/spring-boot-http-converter/4.0.1/spring-boot-http-converter-4.0.1.jar
2025-12-31 19:05:13,631 [BasicRepositoryConnector-repo.maven.apache.org-0-1] INFO  o.e.m.c.i.e.AbstractTransferListenerAdapter - Downloading https://repo.maven.apache.org/maven2/io/micrometer/micrometer-observation/1.16.1/micrometer-observation-1.16.1.jar
2025-12-31 19:05:13,634 [BasicRepositoryConnector-repo.maven.apache.org-0-4] INFO  o.e.m.c.i.e.AbstractTransferListenerAdapter - Downloading https://repo.maven.apache.org/maven2/org/springframework/spring-web/7.0.2/spring-web-7.0.2.jar
2025-12-31 19:05:13,642 [BasicRepositoryConnector-repo.maven.apache.org-0-1] INFO  o.e.m.c.i.e.AbstractTransferListenerAdapter - Downloaded https://repo.maven.apache.org/maven2/io/micrometer/micrometer-observation/1.16.1/micrometer-observation-1.16.1.jar
2025-12-31 19:05:13,682 [BasicRepositoryConnector-repo.maven.apache.org-0-0] INFO  o.e.m.c.i.e.AbstractTransferListenerAdapter - Downloading https://repo.maven.apache.org/maven2/org/springframework/boot/spring-boot-webmvc/4.0.1/spring-boot-webmvc-4.0.1.jar
2025-12-31 19:05:13,685 [BasicRepositoryConnector-repo.maven.apache.org-0-2] INFO  o.e.m.c.i.e.AbstractTransferListenerAdapter - Downloading https://repo.maven.apache.org/maven2/io/micrometer/micrometer-commons/1.16.1/micrometer-commons-1.16.1.jar
2025-12-31 19:05:13,690 [BasicRepositoryConnector-repo.maven.apache.org-0-2] INFO  o.e.m.c.i.e.AbstractTransferListenerAdapter - Downloaded https://repo.maven.apache.org/maven2/io/micrometer/micrometer-commons/1.16.1/micrometer-commons-1.16.1.jar
2025-12-31 19:05:13,700 [BasicRepositoryConnector-repo.maven.apache.org-0-1] INFO  o.e.m.c.i.e.AbstractTransferListenerAdapter - Downloading https://repo.maven.apache.org/maven2/org/springframework/boot/spring-boot-servlet/4.0.1/spring-boot-servlet-4.0.1.jar
2025-12-31 19:05:13,704 [BasicRepositoryConnector-repo.maven.apache.org-0-0] INFO  o.e.m.c.i.e.AbstractTransferListenerAdapter - Downloaded https://repo.maven.apache.org/maven2/org/springframework/boot/spring-boot-webmvc/4.0.1/spring-boot-webmvc-4.0.1.jar
2025-12-31 19:05:13,708 [BasicRepositoryConnector-repo.maven.apache.org-0-3] INFO  o.e.m.c.i.e.AbstractTransferListenerAdapter - Downloaded https://repo.maven.apache.org/maven2/org/apache/tomcat/embed/tomcat-embed-core/11.0.15/tomcat-embed-core-11.0.15.jar
2025-12-31 19:05:13,710 [BasicRepositoryConnector-repo.maven.apache.org-0-1] INFO  o.e.m.c.i.e.AbstractTransferListenerAdapter - Downloaded https://repo.maven.apache.org/maven2/org/springframework/boot/spring-boot-servlet/4.0.1/spring-boot-servlet-4.0.1.jar
2025-12-31 19:05:13,778 [BasicRepositoryConnector-repo.maven.apache.org-0-2] INFO  o.e.m.c.i.e.AbstractTransferListenerAdapter - Downloading https://repo.maven.apache.org/maven2/org/springframework/spring-webmvc/7.0.2/spring-webmvc-7.0.2.jar
2025-12-31 19:05:13,786 [BasicRepositoryConnector-repo.maven.apache.org-0-0] INFO  o.e.m.c.i.e.AbstractTransferListenerAdapter - Downloading https://repo.maven.apache.org/maven2/org/springframework/boot/spring-boot-devtools/4.0.1/spring-boot-devtools-4.0.1.jar
2025-12-31 19:05:13,789 [BasicRepositoryConnector-repo.maven.apache.org-0-1] INFO  o.e.m.c.i.e.AbstractTransferListenerAdapter - Downloading https://repo.maven.apache.org/maven2/org/springframework/spring-context/7.0.2/spring-context-7.0.2.jar
2025-12-31 19:05:13,799 [BasicRepositoryConnector-repo.maven.apache.org-0-3] INFO  o.e.m.c.i.e.AbstractTransferListenerAdapter - Downloading https://repo.maven.apache.org/maven2/org/springframework/boot/spring-boot/4.0.1/spring-boot-4.0.1.jar
2025-12-31 19:05:13,811 [BasicRepositoryConnector-repo.maven.apache.org-0-0] INFO  o.e.m.c.i.e.AbstractTransferListenerAdapter - Downloaded https://repo.maven.apache.org/maven2/org/springframework/boot/spring-boot-devtools/4.0.1/spring-boot-devtools-4.0.1.jar
2025-12-31 19:05:13,885 [BasicRepositoryConnector-repo.maven.apache.org-0-2] INFO  o.e.m.c.i.e.AbstractTransferListenerAdapter - Downloaded https://repo.maven.apache.org/maven2/org/springframework/spring-webmvc/7.0.2/spring-webmvc-7.0.2.jar
2025-12-31 19:05:13,899 [BasicRepositoryConnector-repo.maven.apache.org-0-0] INFO  o.e.m.c.i.e.AbstractTransferListenerAdapter - Downloading https://repo.maven.apache.org/maven2/org/springframework/boot/spring-boot-autoconfigure/4.0.1/spring-boot-autoconfigure-4.0.1.jar
2025-12-31 19:05:13,938 [BasicRepositoryConnector-repo.maven.apache.org-0-0] INFO  o.e.m.c.i.e.AbstractTransferListenerAdapter - Downloaded https://repo.maven.apache.org/maven2/org/springframework/boot/spring-boot-autoconfigure/4.0.1/spring-boot-autoconfigure-4.0.1.jar
2025-12-31 19:05:13,988 [BasicRepositoryConnector-repo.maven.apache.org-0-1] INFO  o.e.m.c.i.e.AbstractTransferListenerAdapter - Downloaded https://repo.maven.apache.org/maven2/org/springframework/spring-context/7.0.2/spring-context-7.0.2.jar
2025-12-31 19:05:14,000 [BasicRepositoryConnector-repo.maven.apache.org-0-2] INFO  o.e.m.c.i.e.AbstractTransferListenerAdapter - Downloading https://repo.maven.apache.org/maven2/org/springframework/boot/spring-boot-starter-data-jpa-test/4.0.1/spring-boot-starter-data-jpa-test-4.0.1.jar
2025-12-31 19:05:14,004 [BasicRepositoryConnector-repo.maven.apache.org-0-2] INFO  o.e.m.c.i.e.AbstractTransferListenerAdapter - Downloaded https://repo.maven.apache.org/maven2/org/springframework/boot/spring-boot-starter-data-jpa-test/4.0.1/spring-boot-starter-data-jpa-test-4.0.1.jar
2025-12-31 19:05:14,020 [BasicRepositoryConnector-repo.maven.apache.org-0-0] INFO  o.e.m.c.i.e.AbstractTransferListenerAdapter - Downloading https://repo.maven.apache.org/maven2/org/springframework/boot/spring-boot-starter-test/4.0.1/spring-boot-starter-test-4.0.1.jar
2025-12-31 19:05:14,025 [BasicRepositoryConnector-repo.maven.apache.org-0-0] INFO  o.e.m.c.i.e.AbstractTransferListenerAdapter - Downloaded https://repo.maven.apache.org/maven2/org/springframework/boot/spring-boot-starter-test/4.0.1/spring-boot-starter-test-4.0.1.jar
2025-12-31 19:05:14,038 [BasicRepositoryConnector-repo.maven.apache.org-0-3] INFO  o.e.m.c.i.e.AbstractTransferListenerAdapter - Downloaded https://repo.maven.apache.org/maven2/org/springframework/boot/spring-boot/4.0.1/spring-boot-4.0.1.jar
2025-12-31 19:05:14,040 [BasicRepositoryConnector-repo.maven.apache.org-0-1] INFO  o.e.m.c.i.e.AbstractTransferListenerAdapter - Downloading https://repo.maven.apache.org/maven2/org/springframework/boot/spring-boot-test/4.0.1/spring-boot-test-4.0.1.jar
2025-12-31 19:05:14,068 [BasicRepositoryConnector-repo.maven.apache.org-0-2] INFO  o.e.m.c.i.e.AbstractTransferListenerAdapter - Downloading https://repo.maven.apache.org/maven2/org/springframework/boot/spring-boot-test-autoconfigure/4.0.1/spring-boot-test-autoconfigure-4.0.1.jar
2025-12-31 19:05:14,074 [BasicRepositoryConnector-repo.maven.apache.org-0-2] INFO  o.e.m.c.i.e.AbstractTransferListenerAdapter - Downloaded https://repo.maven.apache.org/maven2/org/springframework/boot/spring-boot-test-autoconfigure/4.0.1/spring-boot-test-autoconfigure-4.0.1.jar
2025-12-31 19:05:14,086 [BasicRepositoryConnector-repo.maven.apache.org-0-1] INFO  o.e.m.c.i.e.AbstractTransferListenerAdapter - Downloaded https://repo.maven.apache.org/maven2/org/springframework/boot/spring-boot-test/4.0.1/spring-boot-test-4.0.1.jar
2025-12-31 19:05:14,087 [BasicRepositoryConnector-repo.maven.apache.org-0-0] INFO  o.e.m.c.i.e.AbstractTransferListenerAdapter - Downloading https://repo.maven.apache.org/maven2/com/jayway/jsonpath/json-path/2.10.0/json-path-2.10.0.jar
2025-12-31 19:05:14,094 [BasicRepositoryConnector-repo.maven.apache.org-0-4] INFO  o.e.m.c.i.e.AbstractTransferListenerAdapter - Downloaded https://repo.maven.apache.org/maven2/org/springframework/spring-web/7.0.2/spring-web-7.0.2.jar
2025-12-31 19:05:14,105 [BasicRepositoryConnector-repo.maven.apache.org-0-3] INFO  o.e.m.c.i.e.AbstractTransferListenerAdapter - Downloading https://repo.maven.apache.org/maven2/org/springframework/spring-test/7.0.2/spring-test-7.0.2.jar
2025-12-31 19:05:14,109 [BasicRepositoryConnector-repo.maven.apache.org-0-0] INFO  o.e.m.c.i.e.AbstractTransferListenerAdapter - Downloaded https://repo.maven.apache.org/maven2/com/jayway/jsonpath/json-path/2.10.0/json-path-2.10.0.jar
2025-12-31 19:05:14,144 [BasicRepositoryConnector-repo.maven.apache.org-0-2] INFO  o.e.m.c.i.e.AbstractTransferListenerAdapter - Downloading https://repo.maven.apache.org/maven2/org/springframework/boot/spring-boot-starter-jdbc-test/4.0.1/spring-boot-starter-jdbc-test-4.0.1.jar
2025-12-31 19:05:14,148 [BasicRepositoryConnector-repo.maven.apache.org-0-2] INFO  o.e.m.c.i.e.AbstractTransferListenerAdapter - Downloaded https://repo.maven.apache.org/maven2/org/springframework/boot/spring-boot-starter-jdbc-test/4.0.1/spring-boot-starter-jdbc-test-4.0.1.jar
2025-12-31 19:05:14,172 [BasicRepositoryConnector-repo.maven.apache.org-0-4] INFO  o.e.m.c.i.e.AbstractTransferListenerAdapter - Downloading https://repo.maven.apache.org/maven2/org/springframework/boot/spring-boot-data-jpa-test/4.0.1/spring-boot-data-jpa-test-4.0.1.jar
2025-12-31 19:05:14,172 [BasicRepositoryConnector-repo.maven.apache.org-0-0] INFO  o.e.m.c.i.e.AbstractTransferListenerAdapter - Downloading https://repo.maven.apache.org/maven2/org/springframework/boot/spring-boot-jpa-test/4.0.1/spring-boot-jpa-test-4.0.1.jar
2025-12-31 19:05:14,174 [BasicRepositoryConnector-repo.maven.apache.org-0-1] INFO  o.e.m.c.i.e.AbstractTransferListenerAdapter - Downloading https://repo.maven.apache.org/maven2/org/springframework/boot/spring-boot-jdbc-test/4.0.1/spring-boot-jdbc-test-4.0.1.jar
2025-12-31 19:05:14,175 [BasicRepositoryConnector-repo.maven.apache.org-0-0] INFO  o.e.m.c.i.e.AbstractTransferListenerAdapter - Downloaded https://repo.maven.apache.org/maven2/org/springframework/boot/spring-boot-jpa-test/4.0.1/spring-boot-jpa-test-4.0.1.jar
2025-12-31 19:05:14,176 [BasicRepositoryConnector-repo.maven.apache.org-0-4] INFO  o.e.m.c.i.e.AbstractTransferListenerAdapter - Downloaded https://repo.maven.apache.org/maven2/org/springframework/boot/spring-boot-data-jpa-test/4.0.1/spring-boot-data-jpa-test-4.0.1.jar
2025-12-31 19:05:14,181 [BasicRepositoryConnector-repo.maven.apache.org-0-1] INFO  o.e.m.c.i.e.AbstractTransferListenerAdapter - Downloaded https://repo.maven.apache.org/maven2/org/springframework/boot/spring-boot-jdbc-test/4.0.1/spring-boot-jdbc-test-4.0.1.jar
2025-12-31 19:05:14,206 [BasicRepositoryConnector-repo.maven.apache.org-0-2] INFO  o.e.m.c.i.e.AbstractTransferListenerAdapter - Downloading https://repo.maven.apache.org/maven2/org/springframework/boot/spring-boot-starter-security-test/4.0.1/spring-boot-starter-security-test-4.0.1.jar
2025-12-31 19:05:14,210 [BasicRepositoryConnector-repo.maven.apache.org-0-2] INFO  o.e.m.c.i.e.AbstractTransferListenerAdapter - Downloaded https://repo.maven.apache.org/maven2/org/springframework/boot/spring-boot-starter-security-test/4.0.1/spring-boot-starter-security-test-4.0.1.jar
2025-12-31 19:05:14,223 [BasicRepositoryConnector-repo.maven.apache.org-0-3] INFO  o.e.m.c.i.e.AbstractTransferListenerAdapter - Downloaded https://repo.maven.apache.org/maven2/org/springframework/spring-test/7.0.2/spring-test-7.0.2.jar
2025-12-31 19:05:14,225 [BasicRepositoryConnector-repo.maven.apache.org-0-0] INFO  o.e.m.c.i.e.AbstractTransferListenerAdapter - Downloading https://repo.maven.apache.org/maven2/org/springframework/boot/spring-boot-security-test/4.0.1/spring-boot-security-test-4.0.1.jar
2025-12-31 19:05:14,225 [BasicRepositoryConnector-repo.maven.apache.org-0-4] INFO  o.e.m.c.i.e.AbstractTransferListenerAdapter - Downloading https://repo.maven.apache.org/maven2/org/springframework/security/spring-security-test/7.0.2/spring-security-test-7.0.2.jar
2025-12-31 19:05:14,230 [BasicRepositoryConnector-repo.maven.apache.org-0-0] INFO  o.e.m.c.i.e.AbstractTransferListenerAdapter - Downloaded https://repo.maven.apache.org/maven2/org/springframework/boot/spring-boot-security-test/4.0.1/spring-boot-security-test-4.0.1.jar
2025-12-31 19:05:14,233 [BasicRepositoryConnector-repo.maven.apache.org-0-1] INFO  o.e.m.c.i.e.AbstractTransferListenerAdapter - Downloading https://repo.maven.apache.org/maven2/org/springframework/boot/spring-boot-starter-webmvc-test/4.0.1/spring-boot-starter-webmvc-test-4.0.1.jar
2025-12-31 19:05:14,238 [BasicRepositoryConnector-repo.maven.apache.org-0-1] INFO  o.e.m.c.i.e.AbstractTransferListenerAdapter - Downloaded https://repo.maven.apache.org/maven2/org/springframework/boot/spring-boot-starter-webmvc-test/4.0.1/spring-boot-starter-webmvc-test-4.0.1.jar
2025-12-31 19:05:14,245 [BasicRepositoryConnector-repo.maven.apache.org-0-4] INFO  o.e.m.c.i.e.AbstractTransferListenerAdapter - Downloaded https://repo.maven.apache.org/maven2/org/springframework/security/spring-security-test/7.0.2/spring-security-test-7.0.2.jar
2025-12-31 19:05:14,256 [BasicRepositoryConnector-repo.maven.apache.org-0-2] INFO  o.e.m.c.i.e.AbstractTransferListenerAdapter - Downloading https://repo.maven.apache.org/maven2/org/springframework/boot/spring-boot-starter-jackson-test/4.0.1/spring-boot-starter-jackson-test-4.0.1.jar
2025-12-31 19:05:14,260 [BasicRepositoryConnector-repo.maven.apache.org-0-2] INFO  o.e.m.c.i.e.AbstractTransferListenerAdapter - Downloaded https://repo.maven.apache.org/maven2/org/springframework/boot/spring-boot-starter-jackson-test/4.0.1/spring-boot-starter-jackson-test-4.0.1.jar
2025-12-31 19:05:14,275 [BasicRepositoryConnector-repo.maven.apache.org-0-3] INFO  o.e.m.c.i.e.AbstractTransferListenerAdapter - Downloading https://repo.maven.apache.org/maven2/org/springframework/boot/spring-boot-webmvc-test/4.0.1/spring-boot-webmvc-test-4.0.1.jar
2025-12-31 19:05:14,291 [BasicRepositoryConnector-repo.maven.apache.org-0-3] INFO  o.e.m.c.i.e.AbstractTransferListenerAdapter - Downloaded https://repo.maven.apache.org/maven2/org/springframework/boot/spring-boot-webmvc-test/4.0.1/spring-boot-webmvc-test-4.0.1.jar
2025-12-31 19:05:14,571 [BasicRepositoryConnector-repo.maven.apache.org-0-0] INFO  o.e.m.c.i.e.AbstractTransferListenerAdapter - Downloading https://repo.maven.apache.org/maven2/org/springframework/boot/spring-boot-web-server/4.0.1/spring-boot-web-server-4.0.1.jar
2025-12-31 19:05:14,571 [BasicRepositoryConnector-repo.maven.apache.org-0-1] INFO  o.e.m.c.i.e.AbstractTransferListenerAdapter - Downloading https://repo.maven.apache.org/maven2/org/springframework/boot/spring-boot-resttestclient/4.0.1/spring-boot-resttestclient-4.0.1.jar
2025-12-31 19:05:14,582 [BasicRepositoryConnector-repo.maven.apache.org-0-1] INFO  o.e.m.c.i.e.AbstractTransferListenerAdapter - Downloaded https://repo.maven.apache.org/maven2/org/springframework/boot/spring-boot-resttestclient/4.0.1/spring-boot-resttestclient-4.0.1.jar
2025-12-31 19:05:14,597 [BasicRepositoryConnector-repo.maven.apache.org-0-0] INFO  o.e.m.c.i.e.AbstractTransferListenerAdapter - Downloaded https://repo.maven.apache.org/maven2/org/springframework/boot/spring-boot-web-server/4.0.1/spring-boot-web-server-4.0.1.jar
2025-12-31 19:05:15,500 [Worker-8: Importing Maven projects] INFO  o.e.m.j.i.AbstractJavaProjectConfigurator - Adding source folder /Security/src/main/java
2025-12-31 19:05:15,502 [Worker-8: Importing Maven projects] INFO  o.e.m.j.i.AbstractJavaProjectConfigurator - Adding resource folder /Security/src/main/resources
2025-12-31 19:05:15,515 [Worker-8: Importing Maven projects] INFO  o.e.m.j.i.AbstractJavaProjectConfigurator - Adding resource folder /Security/src/main/resources
2025-12-31 19:05:15,525 [Worker-8: Importing Maven projects] INFO  o.e.m.j.i.AbstractJavaProjectConfigurator - Adding source folder /Security/src/test/java
2025-12-31 19:05:15,525 [Worker-8: Importing Maven projects] INFO  o.e.m.j.i.AbstractJavaProjectConfigurator - Adding resource folder /Security/src/test/resources
2025-12-31 19:05:16,350 [Worker-8: Importing Maven projects] INFO  o.e.m.c.i.p.ProjectConfigurationManager - Imported and configured 1 project(s) in 24 sec
2025-12-31 19:05:16,503 [Worker-13: Download sources and javadoc] INFO  o.e.m.c.i.e.AbstractTransferListenerAdapter - Downloading https://repo.maven.apache.org/maven2/org/springframework/boot/spring-boot-starter-data-jpa/4.0.1/spring-boot-starter-data-jpa-4.0.1-sources.jar
2025-12-31 19:05:16,511 [Worker-13: Download sources and javadoc] INFO  o.e.m.c.i.e.AbstractTransferListenerAdapter - Downloaded https://repo.maven.apache.org/maven2/org/springframework/boot/spring-boot-starter-data-jpa/4.0.1/spring-boot-starter-data-jpa-4.0.1-sources.jar
2025-12-31 19:05:16,516 [Worker-13: Download sources and javadoc] INFO  o.e.m.j.internal.DownloadSourcesJob - Downloaded sources for org.springframework.boot:spring-boot-starter-data-jpa:4.0.1
2025-12-31 19:05:16,789 [Worker-13: Download sources and javadoc] INFO  o.e.m.c.i.e.AbstractTransferListenerAdapter - Downloading https://repo.maven.apache.org/maven2/org/springframework/boot/spring-boot-starter/4.0.1/spring-boot-starter-4.0.1-sources.jar
2025-12-31 19:05:16,794 [Worker-13: Download sources and javadoc] INFO  o.e.m.c.i.e.AbstractTransferListenerAdapter - Downloaded https://repo.maven.apache.org/maven2/org/springframework/boot/spring-boot-starter/4.0.1/spring-boot-starter-4.0.1-sources.jar
2025-12-31 19:05:16,801 [Worker-13: Download sources and javadoc] INFO  o.e.m.j.internal.DownloadSourcesJob - Downloaded sources for org.springframework.boot:spring-boot-starter:4.0.1
2025-12-31 19:05:17,131 [Worker-13: Download sources and javadoc] INFO  o.e.m.c.i.e.AbstractTransferListenerAdapter - Downloading https://repo.maven.apache.org/maven2/org/springframework/boot/spring-boot-starter-logging/4.0.1/spring-boot-starter-logging-4.0.1-sources.jar
2025-12-31 19:05:17,141 [Worker-13: Download sources and javadoc] INFO  o.e.m.c.i.e.AbstractTransferListenerAdapter - Downloaded https://repo.maven.apache.org/maven2/org/springframework/boot/spring-boot-starter-logging/4.0.1/spring-boot-starter-logging-4.0.1-sources.jar
2025-12-31 19:05:17,150 [Worker-13: Download sources and javadoc] INFO  o.e.m.j.internal.DownloadSourcesJob - Downloaded sources for org.springframework.boot:spring-boot-starter-logging:4.0.1
2025-12-31 19:05:17,425 [Worker-13: Download sources and javadoc] INFO  o.e.m.c.i.e.AbstractTransferListenerAdapter - Downloading https://repo.maven.apache.org/maven2/ch/qos/logback/logback-classic/1.5.22/logback-classic-1.5.22-sources.jar
2025-12-31 19:05:17,496 [Worker-13: Download sources and javadoc] INFO  o.e.m.c.i.e.AbstractTransferListenerAdapter - Downloaded https://repo.maven.apache.org/maven2/ch/qos/logback/logback-classic/1.5.22/logback-classic-1.5.22-sources.jar
2025-12-31 19:05:17,503 [Worker-13: Download sources and javadoc] INFO  o.e.m.j.internal.DownloadSourcesJob - Downloaded sources for ch.qos.logback:logback-classic:1.5.22
2025-12-31 19:05:17,836 [Worker-13: Download sources and javadoc] INFO  o.e.m.c.i.e.AbstractTransferListenerAdapter - Downloading https://repo.maven.apache.org/maven2/ch/qos/logback/logback-core/1.5.22/logback-core-1.5.22-sources.jar
2025-12-31 19:05:17,873 [Worker-40: Building] INFO  o.a.m.s.f.DefaultMavenResourcesFiltering - Copying 1 resource from src\main\resources to target\classes
2025-12-31 19:05:17,935 [Worker-40: Building] INFO  o.a.m.s.f.DefaultMavenResourcesFiltering - Copying 0 resource from src\main\resources to target\classes
2025-12-31 19:05:17,947 [Worker-40: Building] INFO  o.a.m.s.f.DefaultMavenResourcesFiltering - skip non existing resourceDirectory E:\Spring Security\Security\Security\src\test\resources
2025-12-31 19:05:17,952 [Worker-13: Download sources and javadoc] INFO  o.e.m.c.i.e.AbstractTransferListenerAdapter - Downloaded https://repo.maven.apache.org/maven2/ch/qos/logback/logback-core/1.5.22/logback-core-1.5.22-sources.jar
2025-12-31 19:05:17,973 [Worker-13: Download sources and javadoc] INFO  o.e.m.j.internal.DownloadSourcesJob - Downloaded sources for ch.qos.logback:logback-core:1.5.22
2025-12-31 19:05:18,350 [Worker-13: Download sources and javadoc] INFO  o.e.m.c.i.e.AbstractTransferListenerAdapter - Downloading https://repo.maven.apache.org/maven2/org/apache/logging/log4j/log4j-to-slf4j/2.25.3/log4j-to-slf4j-2.25.3-sources.jar
2025-12-31 19:05:18,368 [Worker-13: Download sources and javadoc] INFO  o.e.m.c.i.e.AbstractTransferListenerAdapter - Downloaded https://repo.maven.apache.org/maven2/org/apache/logging/log4j/log4j-to-slf4j/2.25.3/log4j-to-slf4j-2.25.3-sources.jar
2025-12-31 19:05:18,373 [Worker-13: Download sources and javadoc] INFO  o.e.m.j.internal.DownloadSourcesJob - Downloaded sources for org.apache.logging.log4j:log4j-to-slf4j:2.25.3
2025-12-31 19:05:18,563 [Worker-13: Download sources and javadoc] INFO  o.e.m.c.i.e.AbstractTransferListenerAdapter - Downloading https://repo.maven.apache.org/maven2/org/apache/logging/log4j/log4j-api/2.25.3/log4j-api-2.25.3-sources.jar
2025-12-31 19:05:18,678 [Worker-13: Download sources and javadoc] INFO  o.e.m.c.i.e.AbstractTransferListenerAdapter - Downloaded https://repo.maven.apache.org/maven2/org/apache/logging/log4j/log4j-api/2.25.3/log4j-api-2.25.3-sources.jar
2025-12-31 19:05:18,683 [Worker-13: Download sources and javadoc] INFO  o.e.m.j.internal.DownloadSourcesJob - Downloaded sources for org.apache.logging.log4j:log4j-api:2.25.3
2025-12-31 19:05:18,849 [Worker-13: Download sources and javadoc] INFO  o.e.m.c.i.e.AbstractTransferListenerAdapter - Downloading https://repo.maven.apache.org/maven2/org/springframework/boot/spring-boot-starter-jdbc/4.0.1/spring-boot-starter-jdbc-4.0.1-sources.jar
2025-12-31 19:05:18,854 [Worker-13: Download sources and javadoc] INFO  o.e.m.c.i.e.AbstractTransferListenerAdapter - Downloaded https://repo.maven.apache.org/maven2/org/springframework/boot/spring-boot-starter-jdbc/4.0.1/spring-boot-starter-jdbc-4.0.1-sources.jar
2025-12-31 19:05:18,858 [Worker-13: Download sources and javadoc] INFO  o.e.m.j.internal.DownloadSourcesJob - Downloaded sources for org.springframework.boot:spring-boot-starter-jdbc:4.0.1
2025-12-31 19:05:19,065 [Worker-13: Download sources and javadoc] INFO  o.e.m.c.i.e.AbstractTransferListenerAdapter - Downloading https://repo.maven.apache.org/maven2/org/springframework/boot/spring-boot-data-jpa/4.0.1/spring-boot-data-jpa-4.0.1-sources.jar
2025-12-31 19:05:19,078 [Worker-13: Download sources and javadoc] INFO  o.e.m.c.i.e.AbstractTransferListenerAdapter - Downloaded https://repo.maven.apache.org/maven2/org/springframework/boot/spring-boot-data-jpa/4.0.1/spring-boot-data-jpa-4.0.1-sources.jar
2025-12-31 19:05:19,083 [Worker-13: Download sources and javadoc] INFO  o.e.m.j.internal.DownloadSourcesJob - Downloaded sources for org.springframework.boot:spring-boot-data-jpa:4.0.1
2025-12-31 19:05:19,248 [Worker-40: Loading available Gradle versions] INFO  o.e.b.c.i.u.g.PublishedGradleVersions - Gradle version information cache is up-to-date. Trying to read.
2025-12-31 19:05:19,991 [Worker-13: Download sources and javadoc] INFO  o.e.m.c.i.e.AbstractTransferListenerAdapter - Downloading https://repo.maven.apache.org/maven2/org/springframework/boot/spring-boot-data-commons/4.0.1/spring-boot-data-commons-4.0.1-sources.jar
2025-12-31 19:05:20,003 [Worker-13: Download sources and javadoc] INFO  o.e.m.c.i.e.AbstractTransferListenerAdapter - Downloaded https://repo.maven.apache.org/maven2/org/springframework/boot/spring-boot-data-commons/4.0.1/spring-boot-data-commons-4.0.1-sources.jar
2025-12-31 19:05:20,011 [Worker-13: Download sources and javadoc] INFO  o.e.m.j.internal.DownloadSourcesJob - Downloaded sources for org.springframework.boot:spring-boot-data-commons:4.0.1
2025-12-31 19:05:20,598 [Worker-13: Download sources and javadoc] INFO  o.e.m.c.i.e.AbstractTransferListenerAdapter - Downloading https://repo.maven.apache.org/maven2/org/springframework/boot/spring-boot-persistence/4.0.1/spring-boot-persistence-4.0.1-sources.jar
2025-12-31 19:05:20,606 [Worker-13: Download sources and javadoc] INFO  o.e.m.c.i.e.AbstractTransferListenerAdapter - Downloaded https://repo.maven.apache.org/maven2/org/springframework/boot/spring-boot-persistence/4.0.1/spring-boot-persistence-4.0.1-sources.jar
2025-12-31 19:05:20,613 [Worker-13: Download sources and javadoc] INFO  o.e.m.j.internal.DownloadSourcesJob - Downloaded sources for org.springframework.boot:spring-boot-persistence:4.0.1
2025-12-31 19:05:21,011 [Worker-13: Download sources and javadoc] INFO  o.e.m.c.i.e.AbstractTransferListenerAdapter - Downloading https://repo.maven.apache.org/maven2/org/springframework/data/spring-data-commons/4.0.1/spring-data-commons-4.0.1-sources.jar
2025-12-31 19:05:21,705 [Worker-13: Download sources and javadoc] INFO  o.e.m.c.i.e.AbstractTransferListenerAdapter - Downloaded https://repo.maven.apache.org/maven2/org/springframework/data/spring-data-commons/4.0.1/spring-data-commons-4.0.1-sources.jar
2025-12-31 19:05:21,714 [Worker-13: Download sources and javadoc] INFO  o.e.m.j.internal.DownloadSourcesJob - Downloaded sources for org.springframework.data:spring-data-commons:4.0.1
2025-12-31 19:05:22,042 [Worker-13: Download sources and javadoc] INFO  o.e.m.c.i.e.AbstractTransferListenerAdapter - Downloading https://repo.maven.apache.org/maven2/org/springframework/boot/spring-boot-hibernate/4.0.1/spring-boot-hibernate-4.0.1-sources.jar
2025-12-31 19:05:22,052 [Worker-13: Download sources and javadoc] INFO  o.e.m.c.i.e.AbstractTransferListenerAdapter - Downloaded https://repo.maven.apache.org/maven2/org/springframework/boot/spring-boot-hibernate/4.0.1/spring-boot-hibernate-4.0.1-sources.jar
2025-12-31 19:05:22,061 [Worker-13: Download sources and javadoc] INFO  o.e.m.j.internal.DownloadSourcesJob - Downloaded sources for org.springframework.boot:spring-boot-hibernate:4.0.1
2025-12-31 19:05:22,201 [Worker-13: Download sources and javadoc] INFO  o.e.m.c.i.e.AbstractTransferListenerAdapter - Downloading https://repo.maven.apache.org/maven2/org/springframework/boot/spring-boot-jpa/4.0.1/spring-boot-jpa-4.0.1-sources.jar
2025-12-31 19:05:22,216 [Worker-13: Download sources and javadoc] INFO  o.e.m.c.i.e.AbstractTransferListenerAdapter - Downloaded https://repo.maven.apache.org/maven2/org/springframework/boot/spring-boot-jpa/4.0.1/spring-boot-jpa-4.0.1-sources.jar
2025-12-31 19:05:22,223 [Worker-13: Download sources and javadoc] INFO  o.e.m.j.internal.DownloadSourcesJob - Downloaded sources for org.springframework.boot:spring-boot-jpa:4.0.1
2025-12-31 19:05:22,402 [Worker-13: Download sources and javadoc] INFO  o.e.m.c.i.e.AbstractTransferListenerAdapter - Downloading https://repo.maven.apache.org/maven2/org/hibernate/orm/hibernate-core/7.2.0.Final/hibernate-core-7.2.0.Final-sources.jar
2025-12-31 19:05:24,512 [Worker-13: Download sources and javadoc] INFO  o.e.m.c.i.e.AbstractTransferListenerAdapter - Downloaded https://repo.maven.apache.org/maven2/org/hibernate/orm/hibernate-core/7.2.0.Final/hibernate-core-7.2.0.Final-sources.jar
2025-12-31 19:05:24,516 [Worker-13: Download sources and javadoc] INFO  o.e.m.j.internal.DownloadSourcesJob - Downloaded sources for org.hibernate.orm:hibernate-core:7.2.0.Final
2025-12-31 19:05:24,691 [Worker-13: Download sources and javadoc] INFO  o.e.m.c.i.e.AbstractTransferListenerAdapter - Downloading https://repo.maven.apache.org/maven2/org/springframework/spring-orm/7.0.2/spring-orm-7.0.2-sources.jar
2025-12-31 19:05:24,854 [Worker-13: Download sources and javadoc] INFO  o.e.m.c.i.e.AbstractTransferListenerAdapter - Downloaded https://repo.maven.apache.org/maven2/org/springframework/spring-orm/7.0.2/spring-orm-7.0.2-sources.jar
2025-12-31 19:05:24,857 [Worker-13: Download sources and javadoc] INFO  o.e.m.j.internal.DownloadSourcesJob - Downloaded sources for org.springframework:spring-orm:7.0.2
2025-12-31 19:05:25,100 [Worker-13: Download sources and javadoc] INFO  o.e.m.c.i.e.AbstractTransferListenerAdapter - Downloading https://repo.maven.apache.org/maven2/org/springframework/data/spring-data-jpa/4.0.1/spring-data-jpa-4.0.1-sources.jar
2025-12-31 19:05:25,788 [Worker-13: Download sources and javadoc] INFO  o.e.m.c.i.e.AbstractTransferListenerAdapter - Downloaded https://repo.maven.apache.org/maven2/org/springframework/data/spring-data-jpa/4.0.1/spring-data-jpa-4.0.1-sources.jar
2025-12-31 19:05:25,792 [Worker-13: Download sources and javadoc] INFO  o.e.m.j.internal.DownloadSourcesJob - Downloaded sources for org.springframework.data:spring-data-jpa:4.0.1
2025-12-31 19:05:26,132 [Worker-13: Download sources and javadoc] INFO  o.e.m.c.i.e.AbstractTransferListenerAdapter - Downloading https://repo.maven.apache.org/maven2/org/springframework/spring-tx/7.0.2/spring-tx-7.0.2-sources.jar
2025-12-31 19:05:26,316 [Worker-13: Download sources and javadoc] INFO  o.e.m.c.i.e.AbstractTransferListenerAdapter - Downloaded https://repo.maven.apache.org/maven2/org/springframework/spring-tx/7.0.2/spring-tx-7.0.2-sources.jar
2025-12-31 19:05:26,320 [Worker-13: Download sources and javadoc] INFO  o.e.m.j.internal.DownloadSourcesJob - Downloaded sources for org.springframework:spring-tx:7.0.2
2025-12-31 19:05:26,538 [Worker-13: Download sources and javadoc] INFO  o.e.m.c.i.e.AbstractTransferListenerAdapter - Downloading https://repo.maven.apache.org/maven2/org/springframework/spring-aspects/7.0.2/spring-aspects-7.0.2-sources.jar
2025-12-31 19:05:26,546 [Worker-13: Download sources and javadoc] INFO  o.e.m.c.i.e.AbstractTransferListenerAdapter - Downloaded https://repo.maven.apache.org/maven2/org/springframework/spring-aspects/7.0.2/spring-aspects-7.0.2-sources.jar
2025-12-31 19:05:26,550 [Worker-13: Download sources and javadoc] INFO  o.e.m.j.internal.DownloadSourcesJob - Downloaded sources for org.springframework:spring-aspects:7.0.2
2025-12-31 19:05:26,744 [Worker-13: Download sources and javadoc] INFO  o.e.m.c.i.e.AbstractTransferListenerAdapter - Downloading https://repo.maven.apache.org/maven2/org/aspectj/aspectjweaver/1.9.25.1/aspectjweaver-1.9.25.1-sources.jar
2025-12-31 19:05:27,393 [Worker-13: Download sources and javadoc] INFO  o.e.m.c.i.e.AbstractTransferListenerAdapter - Downloaded https://repo.maven.apache.org/maven2/org/aspectj/aspectjweaver/1.9.25.1/aspectjweaver-1.9.25.1-sources.jar
2025-12-31 19:05:27,397 [Worker-13: Download sources and javadoc] INFO  o.e.m.j.internal.DownloadSourcesJob - Downloaded sources for org.aspectj:aspectjweaver:1.9.25.1
2025-12-31 19:05:27,664 [Worker-13: Download sources and javadoc] INFO  o.e.m.c.i.e.AbstractTransferListenerAdapter - Downloading https://repo.maven.apache.org/maven2/org/springframework/boot/spring-boot-jdbc/4.0.1/spring-boot-jdbc-4.0.1-sources.jar
2025-12-31 19:05:27,771 [Worker-13: Download sources and javadoc] INFO  o.e.m.c.i.e.AbstractTransferListenerAdapter - Downloaded https://repo.maven.apache.org/maven2/org/springframework/boot/spring-boot-jdbc/4.0.1/spring-boot-jdbc-4.0.1-sources.jar
2025-12-31 19:05:27,774 [Worker-13: Download sources and javadoc] INFO  o.e.m.j.internal.DownloadSourcesJob - Downloaded sources for org.springframework.boot:spring-boot-jdbc:4.0.1
2025-12-31 19:05:28,074 [Worker-13: Download sources and javadoc] INFO  o.e.m.c.i.e.AbstractTransferListenerAdapter - Downloading https://repo.maven.apache.org/maven2/org/springframework/boot/spring-boot-sql/4.0.1/spring-boot-sql-4.0.1-sources.jar
2025-12-31 19:05:28,082 [Worker-13: Download sources and javadoc] INFO  o.e.m.c.i.e.AbstractTransferListenerAdapter - Downloaded https://repo.maven.apache.org/maven2/org/springframework/boot/spring-boot-sql/4.0.1/spring-boot-sql-4.0.1-sources.jar
2025-12-31 19:05:28,085 [Worker-13: Download sources and javadoc] INFO  o.e.m.j.internal.DownloadSourcesJob - Downloaded sources for org.springframework.boot:spring-boot-sql:4.0.1
2025-12-31 19:05:28,381 [Worker-13: Download sources and javadoc] INFO  o.e.m.c.i.e.AbstractTransferListenerAdapter - Downloading https://repo.maven.apache.org/maven2/org/springframework/boot/spring-boot-transaction/4.0.1/spring-boot-transaction-4.0.1-sources.jar
2025-12-31 19:05:28,386 [Worker-13: Download sources and javadoc] INFO  o.e.m.c.i.e.AbstractTransferListenerAdapter - Downloaded https://repo.maven.apache.org/maven2/org/springframework/boot/spring-boot-transaction/4.0.1/spring-boot-transaction-4.0.1-sources.jar
2025-12-31 19:05:28,390 [Worker-13: Download sources and javadoc] INFO  o.e.m.j.internal.DownloadSourcesJob - Downloaded sources for org.springframework.boot:spring-boot-transaction:4.0.1
2025-12-31 19:05:28,687 [Worker-13: Download sources and javadoc] INFO  o.e.m.c.i.e.AbstractTransferListenerAdapter - Downloading https://repo.maven.apache.org/maven2/org/springframework/spring-jdbc/7.0.2/spring-jdbc-7.0.2-sources.jar
2025-12-31 19:05:29,004 [Worker-13: Download sources and javadoc] INFO  o.e.m.c.i.e.AbstractTransferListenerAdapter - Downloaded https://repo.maven.apache.org/maven2/org/springframework/spring-jdbc/7.0.2/spring-jdbc-7.0.2-sources.jar
2025-12-31 19:05:29,007 [Worker-13: Download sources and javadoc] INFO  o.e.m.j.internal.DownloadSourcesJob - Downloaded sources for org.springframework:spring-jdbc:7.0.2
2025-12-31 19:05:29,303 [Worker-13: Download sources and javadoc] INFO  o.e.m.c.i.e.AbstractTransferListenerAdapter - Downloading https://repo.maven.apache.org/maven2/org/springframework/boot/spring-boot-starter-security/4.0.1/spring-boot-starter-security-4.0.1-sources.jar
2025-12-31 19:05:29,308 [Worker-13: Download sources and javadoc] INFO  o.e.m.c.i.e.AbstractTransferListenerAdapter - Downloaded https://repo.maven.apache.org/maven2/org/springframework/boot/spring-boot-starter-security/4.0.1/spring-boot-starter-security-4.0.1-sources.jar
2025-12-31 19:05:29,313 [Worker-13: Download sources and javadoc] INFO  o.e.m.j.internal.DownloadSourcesJob - Downloaded sources for org.springframework.boot:spring-boot-starter-security:4.0.1
2025-12-31 19:05:29,611 [Worker-13: Download sources and javadoc] INFO  o.e.m.c.i.e.AbstractTransferListenerAdapter - Downloading https://repo.maven.apache.org/maven2/org/springframework/boot/spring-boot-security/4.0.1/spring-boot-security-4.0.1-sources.jar
2025-12-31 19:05:29,619 [Worker-13: Download sources and javadoc] INFO  o.e.m.c.i.e.AbstractTransferListenerAdapter - Downloaded https://repo.maven.apache.org/maven2/org/springframework/boot/spring-boot-security/4.0.1/spring-boot-security-4.0.1-sources.jar
2025-12-31 19:05:29,622 [Worker-13: Download sources and javadoc] INFO  o.e.m.j.internal.DownloadSourcesJob - Downloaded sources for org.springframework.boot:spring-boot-security:4.0.1
2025-12-31 19:05:29,918 [Worker-13: Download sources and javadoc] INFO  o.e.m.c.i.e.AbstractTransferListenerAdapter - Downloading https://repo.maven.apache.org/maven2/org/springframework/security/spring-security-config/7.0.2/spring-security-config-7.0.2-sources.jar
2025-12-31 19:05:30,726 [Worker-13: Download sources and javadoc] INFO  o.e.m.c.i.e.AbstractTransferListenerAdapter - Downloaded https://repo.maven.apache.org/maven2/org/springframework/security/spring-security-config/7.0.2/spring-security-config-7.0.2-sources.jar
2025-12-31 19:05:30,731 [Worker-13: Download sources and javadoc] INFO  o.e.m.j.internal.DownloadSourcesJob - Downloaded sources for org.springframework.security:spring-security-config:7.0.2
2025-12-31 19:05:31,043 [Worker-13: Download sources and javadoc] INFO  o.e.m.c.i.e.AbstractTransferListenerAdapter - Downloading https://repo.maven.apache.org/maven2/org/springframework/security/spring-security-core/7.0.2/spring-security-core-7.0.2-sources.jar
2025-12-31 19:05:31,361 [Worker-13: Download sources and javadoc] INFO  o.e.m.c.i.e.AbstractTransferListenerAdapter - Downloaded https://repo.maven.apache.org/maven2/org/springframework/security/spring-security-core/7.0.2/spring-security-core-7.0.2-sources.jar
2025-12-31 19:05:31,365 [Worker-13: Download sources and javadoc] INFO  o.e.m.j.internal.DownloadSourcesJob - Downloaded sources for org.springframework.security:spring-security-core:7.0.2
2025-12-31 19:05:31,557 [Worker-13: Download sources and javadoc] INFO  o.e.m.c.i.e.AbstractTransferListenerAdapter - Downloading https://repo.maven.apache.org/maven2/org/springframework/security/spring-security-crypto/7.0.2/spring-security-crypto-7.0.2-sources.jar
2025-12-31 19:05:31,663 [Worker-13: Download sources and javadoc] INFO  o.e.m.c.i.e.AbstractTransferListenerAdapter - Downloaded https://repo.maven.apache.org/maven2/org/springframework/security/spring-security-crypto/7.0.2/spring-security-crypto-7.0.2-sources.jar
2025-12-31 19:05:31,668 [Worker-13: Download sources and javadoc] INFO  o.e.m.j.internal.DownloadSourcesJob - Downloaded sources for org.springframework.security:spring-security-crypto:7.0.2
2025-12-31 19:05:31,970 [Worker-13: Download sources and javadoc] INFO  o.e.m.c.i.e.AbstractTransferListenerAdapter - Downloading https://repo.maven.apache.org/maven2/org/springframework/security/spring-security-web/7.0.2/spring-security-web-7.0.2-sources.jar
2025-12-31 19:05:32,131 [Worker-13: Download sources and javadoc] INFO  o.e.m.c.i.e.AbstractTransferListenerAdapter - Downloaded https://repo.maven.apache.org/maven2/org/springframework/security/spring-security-web/7.0.2/spring-security-web-7.0.2-sources.jar
2025-12-31 19:05:32,135 [Worker-13: Download sources and javadoc] INFO  o.e.m.j.internal.DownloadSourcesJob - Downloaded sources for org.springframework.security:spring-security-web:7.0.2
2025-12-31 19:05:32,482 [Worker-13: Download sources and javadoc] INFO  o.e.m.c.i.e.AbstractTransferListenerAdapter - Downloading https://repo.maven.apache.org/maven2/org/springframework/spring-expression/7.0.2/spring-expression-7.0.2-sources.jar
2025-12-31 19:05:32,692 [Worker-13: Download sources and javadoc] INFO  o.e.m.c.i.e.AbstractTransferListenerAdapter - Downloaded https://repo.maven.apache.org/maven2/org/springframework/spring-expression/7.0.2/spring-expression-7.0.2-sources.jar
2025-12-31 19:05:32,697 [Worker-13: Download sources and javadoc] INFO  o.e.m.j.internal.DownloadSourcesJob - Downloaded sources for org.springframework:spring-expression:7.0.2
2025-12-31 19:05:33,195 [Worker-13: Download sources and javadoc] INFO  o.e.m.c.i.e.AbstractTransferListenerAdapter - Downloading https://repo.maven.apache.org/maven2/org/springframework/spring-aop/7.0.2/spring-aop-7.0.2-sources.jar
2025-12-31 19:05:33,298 [Worker-13: Download sources and javadoc] INFO  o.e.m.c.i.e.AbstractTransferListenerAdapter - Downloaded https://repo.maven.apache.org/maven2/org/springframework/spring-aop/7.0.2/spring-aop-7.0.2-sources.jar
2025-12-31 19:05:33,302 [Worker-13: Download sources and javadoc] INFO  o.e.m.j.internal.DownloadSourcesJob - Downloaded sources for org.springframework:spring-aop:7.0.2
2025-12-31 19:05:33,610 [Worker-13: Download sources and javadoc] INFO  o.e.m.c.i.e.AbstractTransferListenerAdapter - Downloading https://repo.maven.apache.org/maven2/org/springframework/spring-beans/7.0.2/spring-beans-7.0.2-sources.jar
2025-12-31 19:05:33,830 [Worker-13: Download sources and javadoc] INFO  o.e.m.c.i.e.AbstractTransferListenerAdapter - Downloaded https://repo.maven.apache.org/maven2/org/springframework/spring-beans/7.0.2/spring-beans-7.0.2-sources.jar
2025-12-31 19:05:33,833 [Worker-13: Download sources and javadoc] INFO  o.e.m.j.internal.DownloadSourcesJob - Downloaded sources for org.springframework:spring-beans:7.0.2
2025-12-31 19:05:34,018 [Worker-13: Download sources and javadoc] INFO  o.e.m.c.i.e.AbstractTransferListenerAdapter - Downloading https://repo.maven.apache.org/maven2/org/springframework/spring-core/7.0.2/spring-core-7.0.2-sources.jar
2025-12-31 19:05:34,696 [Worker-13: Download sources and javadoc] INFO  o.e.m.c.i.e.AbstractTransferListenerAdapter - Downloaded https://repo.maven.apache.org/maven2/org/springframework/spring-core/7.0.2/spring-core-7.0.2-sources.jar
2025-12-31 19:05:34,705 [Worker-13: Download sources and javadoc] INFO  o.e.m.j.internal.DownloadSourcesJob - Downloaded sources for org.springframework:spring-core:7.0.2
2025-12-31 19:05:34,934 [Worker-13: Download sources and javadoc] INFO  o.e.m.c.i.e.AbstractTransferListenerAdapter - Downloading https://repo.maven.apache.org/maven2/org/springframework/boot/spring-boot-starter-webmvc/4.0.1/spring-boot-starter-webmvc-4.0.1-sources.jar
2025-12-31 19:05:34,947 [Worker-13: Download sources and javadoc] INFO  o.e.m.c.i.e.AbstractTransferListenerAdapter - Downloaded https://repo.maven.apache.org/maven2/org/springframework/boot/spring-boot-starter-webmvc/4.0.1/spring-boot-starter-webmvc-4.0.1-sources.jar
2025-12-31 19:05:34,953 [Worker-13: Download sources and javadoc] INFO  o.e.m.j.internal.DownloadSourcesJob - Downloaded sources for org.springframework.boot:spring-boot-starter-webmvc:4.0.1
2025-12-31 19:05:35,356 [Worker-13: Download sources and javadoc] INFO  o.e.m.c.i.e.AbstractTransferListenerAdapter - Downloading https://repo.maven.apache.org/maven2/org/springframework/boot/spring-boot-starter-jackson/4.0.1/spring-boot-starter-jackson-4.0.1-sources.jar
2025-12-31 19:05:35,362 [Worker-13: Download sources and javadoc] INFO  o.e.m.c.i.e.AbstractTransferListenerAdapter - Downloaded https://repo.maven.apache.org/maven2/org/springframework/boot/spring-boot-starter-jackson/4.0.1/spring-boot-starter-jackson-4.0.1-sources.jar
2025-12-31 19:05:35,367 [Worker-13: Download sources and javadoc] INFO  o.e.m.j.internal.DownloadSourcesJob - Downloaded sources for org.springframework.boot:spring-boot-starter-jackson:4.0.1
2025-12-31 19:05:35,755 [Worker-13: Download sources and javadoc] INFO  o.e.m.c.i.e.AbstractTransferListenerAdapter - Downloading https://repo.maven.apache.org/maven2/org/springframework/boot/spring-boot-jackson/4.0.1/spring-boot-jackson-4.0.1-sources.jar
2025-12-31 19:05:35,765 [Worker-13: Download sources and javadoc] INFO  o.e.m.c.i.e.AbstractTransferListenerAdapter - Downloaded https://repo.maven.apache.org/maven2/org/springframework/boot/spring-boot-jackson/4.0.1/spring-boot-jackson-4.0.1-sources.jar
2025-12-31 19:05:35,771 [Worker-13: Download sources and javadoc] INFO  o.e.m.j.internal.DownloadSourcesJob - Downloaded sources for org.springframework.boot:spring-boot-jackson:4.0.1
2025-12-31 19:05:36,066 [Worker-13: Download sources and javadoc] INFO  o.e.m.c.i.e.AbstractTransferListenerAdapter - Downloading https://repo.maven.apache.org/maven2/tools/jackson/core/jackson-databind/3.0.3/jackson-databind-3.0.3-sources.jar
2025-12-31 19:05:36,887 [Worker-13: Download sources and javadoc] INFO  o.e.m.c.i.e.AbstractTransferListenerAdapter - Downloaded https://repo.maven.apache.org/maven2/tools/jackson/core/jackson-databind/3.0.3/jackson-databind-3.0.3-sources.jar
2025-12-31 19:05:36,893 [Worker-13: Download sources and javadoc] INFO  o.e.m.j.internal.DownloadSourcesJob - Downloaded sources for tools.jackson.core:jackson-databind:3.0.3
2025-12-31 19:05:37,192 [Worker-13: Download sources and javadoc] INFO  o.e.m.c.i.e.AbstractTransferListenerAdapter - Downloading https://repo.maven.apache.org/maven2/tools/jackson/core/jackson-core/3.0.3/jackson-core-3.0.3-sources.jar
2025-12-31 19:05:37,511 [Worker-13: Download sources and javadoc] INFO  o.e.m.c.i.e.AbstractTransferListenerAdapter - Downloaded https://repo.maven.apache.org/maven2/tools/jackson/core/jackson-core/3.0.3/jackson-core-3.0.3-sources.jar
2025-12-31 19:05:37,518 [Worker-13: Download sources and javadoc] INFO  o.e.m.j.internal.DownloadSourcesJob - Downloaded sources for tools.jackson.core:jackson-core:3.0.3
2025-12-31 19:05:38,113 [Worker-13: Download sources and javadoc] INFO  o.e.m.c.i.e.AbstractTransferListenerAdapter - Downloading https://repo.maven.apache.org/maven2/org/springframework/boot/spring-boot-starter-tomcat/4.0.1/spring-boot-starter-tomcat-4.0.1-sources.jar
2025-12-31 19:05:38,119 [Worker-13: Download sources and javadoc] INFO  o.e.m.c.i.e.AbstractTransferListenerAdapter - Downloaded https://repo.maven.apache.org/maven2/org/springframework/boot/spring-boot-starter-tomcat/4.0.1/spring-boot-starter-tomcat-4.0.1-sources.jar
2025-12-31 19:05:38,124 [Worker-13: Download sources and javadoc] INFO  o.e.m.j.internal.DownloadSourcesJob - Downloaded sources for org.springframework.boot:spring-boot-starter-tomcat:4.0.1
2025-12-31 19:05:38,416 [Worker-13: Download sources and javadoc] INFO  o.e.m.c.i.e.AbstractTransferListenerAdapter - Downloading https://repo.maven.apache.org/maven2/org/springframework/boot/spring-boot-starter-tomcat-runtime/4.0.1/spring-boot-starter-tomcat-runtime-4.0.1-sources.jar
2025-12-31 19:05:38,421 [Worker-13: Download sources and javadoc] INFO  o.e.m.c.i.e.AbstractTransferListenerAdapter - Downloaded https://repo.maven.apache.org/maven2/org/springframework/boot/spring-boot-starter-tomcat-runtime/4.0.1/spring-boot-starter-tomcat-runtime-4.0.1-sources.jar
2025-12-31 19:05:38,424 [Worker-13: Download sources and javadoc] INFO  o.e.m.j.internal.DownloadSourcesJob - Downloaded sources for org.springframework.boot:spring-boot-starter-tomcat-runtime:4.0.1
2025-12-31 19:05:38,726 [Worker-13: Download sources and javadoc] INFO  o.e.m.c.i.e.AbstractTransferListenerAdapter - Downloading https://repo.maven.apache.org/maven2/org/apache/tomcat/embed/tomcat-embed-core/11.0.15/tomcat-embed-core-11.0.15-sources.jar
2025-12-31 19:05:39,990 [Worker-13: Download sources and javadoc] INFO  o.e.m.c.i.e.AbstractTransferListenerAdapter - Downloaded https://repo.maven.apache.org/maven2/org/apache/tomcat/embed/tomcat-embed-core/11.0.15/tomcat-embed-core-11.0.15-sources.jar
2025-12-31 19:05:39,998 [Worker-13: Download sources and javadoc] INFO  o.e.m.j.internal.DownloadSourcesJob - Downloaded sources for org.apache.tomcat.embed:tomcat-embed-core:11.0.15
2025-12-31 19:05:40,567 [Worker-13: Download sources and javadoc] INFO  o.e.m.c.i.e.AbstractTransferListenerAdapter - Downloading https://repo.maven.apache.org/maven2/org/apache/tomcat/embed/tomcat-embed-el/11.0.15/tomcat-embed-el-11.0.15-sources.jar
2025-12-31 19:05:41,168 [Worker-13: Download sources and javadoc] INFO  o.e.m.c.i.e.AbstractTransferListenerAdapter - Downloaded https://repo.maven.apache.org/maven2/org/apache/tomcat/embed/tomcat-embed-el/11.0.15/tomcat-embed-el-11.0.15-sources.jar
2025-12-31 19:05:41,173 [Worker-13: Download sources and javadoc] INFO  o.e.m.j.internal.DownloadSourcesJob - Downloaded sources for org.apache.tomcat.embed:tomcat-embed-el:11.0.15
2025-12-31 19:05:42,001 [Worker-13: Download sources and javadoc] INFO  o.e.m.c.i.e.AbstractTransferListenerAdapter - Downloading https://repo.maven.apache.org/maven2/org/apache/tomcat/embed/tomcat-embed-websocket/11.0.15/tomcat-embed-websocket-11.0.15-sources.jar
2025-12-31 19:05:42,486 [Worker-13: Download sources and javadoc] INFO  o.e.m.c.i.e.AbstractTransferListenerAdapter - Downloaded https://repo.maven.apache.org/maven2/org/apache/tomcat/embed/tomcat-embed-websocket/11.0.15/tomcat-embed-websocket-11.0.15-sources.jar
2025-12-31 19:05:42,490 [Worker-13: Download sources and javadoc] INFO  o.e.m.j.internal.DownloadSourcesJob - Downloaded sources for org.apache.tomcat.embed:tomcat-embed-websocket:11.0.15
2025-12-31 19:05:43,228 [Worker-13: Download sources and javadoc] INFO  o.e.m.c.i.e.AbstractTransferListenerAdapter - Downloading https://repo.maven.apache.org/maven2/org/springframework/boot/spring-boot-tomcat/4.0.1/spring-boot-tomcat-4.0.1-sources.jar
2025-12-31 19:05:43,352 [Worker-13: Download sources and javadoc] INFO  o.e.m.c.i.e.AbstractTransferListenerAdapter - Downloaded https://repo.maven.apache.org/maven2/org/springframework/boot/spring-boot-tomcat/4.0.1/spring-boot-tomcat-4.0.1-sources.jar
2025-12-31 19:05:43,355 [Worker-13: Download sources and javadoc] INFO  o.e.m.j.internal.DownloadSourcesJob - Downloaded sources for org.springframework.boot:spring-boot-tomcat:4.0.1
2025-12-31 19:05:43,745 [Worker-13: Download sources and javadoc] INFO  o.e.m.c.i.e.AbstractTransferListenerAdapter - Downloading https://repo.maven.apache.org/maven2/org/springframework/boot/spring-boot-http-converter/4.0.1/spring-boot-http-converter-4.0.1-sources.jar
2025-12-31 19:05:43,753 [Worker-13: Download sources and javadoc] INFO  o.e.m.c.i.e.AbstractTransferListenerAdapter - Downloaded https://repo.maven.apache.org/maven2/org/springframework/boot/spring-boot-http-converter/4.0.1/spring-boot-http-converter-4.0.1-sources.jar
2025-12-31 19:05:43,757 [Worker-13: Download sources and javadoc] INFO  o.e.m.j.internal.DownloadSourcesJob - Downloaded sources for org.springframework.boot:spring-boot-http-converter:4.0.1
2025-12-31 19:05:44,049 [Worker-13: Download sources and javadoc] INFO  o.e.m.c.i.e.AbstractTransferListenerAdapter - Downloading https://repo.maven.apache.org/maven2/org/springframework/spring-web/7.0.2/spring-web-7.0.2-sources.jar
2025-12-31 19:05:44,527 [Worker-13: Download sources and javadoc] INFO  o.e.m.c.i.e.AbstractTransferListenerAdapter - Downloaded https://repo.maven.apache.org/maven2/org/springframework/spring-web/7.0.2/spring-web-7.0.2-sources.jar
2025-12-31 19:05:44,531 [Worker-13: Download sources and javadoc] INFO  o.e.m.j.internal.DownloadSourcesJob - Downloaded sources for org.springframework:spring-web:7.0.2
2025-12-31 19:05:44,763 [Worker-13: Download sources and javadoc] INFO  o.e.m.c.i.e.AbstractTransferListenerAdapter - Downloading https://repo.maven.apache.org/maven2/io/micrometer/micrometer-observation/1.16.1/micrometer-observation-1.16.1-sources.jar
2025-12-31 19:05:44,776 [Worker-13: Download sources and javadoc] INFO  o.e.m.c.i.e.AbstractTransferListenerAdapter - Downloaded https://repo.maven.apache.org/maven2/io/micrometer/micrometer-observation/1.16.1/micrometer-observation-1.16.1-sources.jar
2025-12-31 19:05:44,782 [Worker-13: Download sources and javadoc] INFO  o.e.m.j.internal.DownloadSourcesJob - Downloaded sources for io.micrometer:micrometer-observation:1.16.1
2025-12-31 19:05:45,077 [Worker-13: Download sources and javadoc] INFO  o.e.m.c.i.e.AbstractTransferListenerAdapter - Downloading https://repo.maven.apache.org/maven2/io/micrometer/micrometer-commons/1.16.1/micrometer-commons-1.16.1-sources.jar
2025-12-31 19:05:45,085 [Worker-13: Download sources and javadoc] INFO  o.e.m.c.i.e.AbstractTransferListenerAdapter - Downloaded https://repo.maven.apache.org/maven2/io/micrometer/micrometer-commons/1.16.1/micrometer-commons-1.16.1-sources.jar
2025-12-31 19:05:45,090 [Worker-13: Download sources and javadoc] INFO  o.e.m.j.internal.DownloadSourcesJob - Downloaded sources for io.micrometer:micrometer-commons:1.16.1
2025-12-31 19:05:45,381 [Worker-13: Download sources and javadoc] INFO  o.e.m.c.i.e.AbstractTransferListenerAdapter - Downloading https://repo.maven.apache.org/maven2/org/springframework/boot/spring-boot-webmvc/4.0.1/spring-boot-webmvc-4.0.1-sources.jar
2025-12-31 19:05:45,496 [Worker-13: Download sources and javadoc] INFO  o.e.m.c.i.e.AbstractTransferListenerAdapter - Downloaded https://repo.maven.apache.org/maven2/org/springframework/boot/spring-boot-webmvc/4.0.1/spring-boot-webmvc-4.0.1-sources.jar
2025-12-31 19:05:45,501 [Worker-13: Download sources and javadoc] INFO  o.e.m.j.internal.DownloadSourcesJob - Downloaded sources for org.springframework.boot:spring-boot-webmvc:4.0.1
2025-12-31 19:05:45,791 [Worker-13: Download sources and javadoc] INFO  o.e.m.c.i.e.AbstractTransferListenerAdapter - Downloading https://repo.maven.apache.org/maven2/org/springframework/boot/spring-boot-servlet/4.0.1/spring-boot-servlet-4.0.1-sources.jar
2025-12-31 19:05:45,807 [Worker-13: Download sources and javadoc] INFO  o.e.m.c.i.e.AbstractTransferListenerAdapter - Downloaded https://repo.maven.apache.org/maven2/org/springframework/boot/spring-boot-servlet/4.0.1/spring-boot-servlet-4.0.1-sources.jar
2025-12-31 19:05:45,812 [Worker-13: Download sources and javadoc] INFO  o.e.m.j.internal.DownloadSourcesJob - Downloaded sources for org.springframework.boot:spring-boot-servlet:4.0.1
2025-12-31 19:05:46,099 [Worker-13: Download sources and javadoc] INFO  o.e.m.c.i.e.AbstractTransferListenerAdapter - Downloading https://repo.maven.apache.org/maven2/org/springframework/spring-webmvc/7.0.2/spring-webmvc-7.0.2-sources.jar
2025-12-31 19:05:46,657 [Worker-13: Download sources and javadoc] INFO  o.e.m.c.i.e.AbstractTransferListenerAdapter - Downloaded https://repo.maven.apache.org/maven2/org/springframework/spring-webmvc/7.0.2/spring-webmvc-7.0.2-sources.jar
2025-12-31 19:05:46,661 [Worker-13: Download sources and javadoc] INFO  o.e.m.j.internal.DownloadSourcesJob - Downloaded sources for org.springframework:spring-webmvc:7.0.2
2025-12-31 19:05:47,111 [Worker-13: Download sources and javadoc] INFO  o.e.m.c.i.e.AbstractTransferListenerAdapter - Downloading https://repo.maven.apache.org/maven2/org/springframework/boot/spring-boot-devtools/4.0.1/spring-boot-devtools-4.0.1-sources.jar
2025-12-31 19:05:47,335 [Worker-13: Download sources and javadoc] INFO  o.e.m.c.i.e.AbstractTransferListenerAdapter - Downloaded https://repo.maven.apache.org/maven2/org/springframework/boot/spring-boot-devtools/4.0.1/spring-boot-devtools-4.0.1-sources.jar
2025-12-31 19:05:47,339 [Worker-13: Download sources and javadoc] INFO  o.e.m.j.internal.DownloadSourcesJob - Downloaded sources for org.springframework.boot:spring-boot-devtools:4.0.1
2025-12-31 19:05:47,634 [Worker-13: Download sources and javadoc] INFO  o.e.m.c.i.e.AbstractTransferListenerAdapter - Downloading https://repo.maven.apache.org/maven2/org/springframework/boot/spring-boot/4.0.1/spring-boot-4.0.1-sources.jar
2025-12-31 19:05:48,114 [Worker-13: Download sources and javadoc] INFO  o.e.m.c.i.e.AbstractTransferListenerAdapter - Downloaded https://repo.maven.apache.org/maven2/org/springframework/boot/spring-boot/4.0.1/spring-boot-4.0.1-sources.jar
2025-12-31 19:05:48,118 [Worker-13: Download sources and javadoc] INFO  o.e.m.j.internal.DownloadSourcesJob - Downloaded sources for org.springframework.boot:spring-boot:4.0.1
2025-12-31 19:05:48,558 [Worker-13: Download sources and javadoc] INFO  o.e.m.c.i.e.AbstractTransferListenerAdapter - Downloading https://repo.maven.apache.org/maven2/org/springframework/spring-context/7.0.2/spring-context-7.0.2-sources.jar
2025-12-31 19:05:49,091 [Worker-13: Download sources and javadoc] INFO  o.e.m.c.i.e.AbstractTransferListenerAdapter - Downloaded https://repo.maven.apache.org/maven2/org/springframework/spring-context/7.0.2/spring-context-7.0.2-sources.jar
2025-12-31 19:05:49,095 [Worker-13: Download sources and javadoc] INFO  o.e.m.j.internal.DownloadSourcesJob - Downloaded sources for org.springframework:spring-context:7.0.2
2025-12-31 19:05:49,479 [Worker-13: Download sources and javadoc] INFO  o.e.m.c.i.e.AbstractTransferListenerAdapter - Downloading https://repo.maven.apache.org/maven2/org/springframework/boot/spring-boot-autoconfigure/4.0.1/spring-boot-autoconfigure-4.0.1-sources.jar
2025-12-31 19:05:49,694 [Worker-13: Download sources and javadoc] INFO  o.e.m.c.i.e.AbstractTransferListenerAdapter - Downloaded https://repo.maven.apache.org/maven2/org/springframework/boot/spring-boot-autoconfigure/4.0.1/spring-boot-autoconfigure-4.0.1-sources.jar
2025-12-31 19:05:49,699 [Worker-13: Download sources and javadoc] INFO  o.e.m.j.internal.DownloadSourcesJob - Downloaded sources for org.springframework.boot:spring-boot-autoconfigure:4.0.1
2025-12-31 19:05:49,995 [Worker-13: Download sources and javadoc] INFO  o.e.m.c.i.e.AbstractTransferListenerAdapter - Downloading https://repo.maven.apache.org/maven2/org/springframework/boot/spring-boot-starter-data-jpa-test/4.0.1/spring-boot-starter-data-jpa-test-4.0.1-sources.jar
2025-12-31 19:05:50,002 [Worker-13: Download sources and javadoc] INFO  o.e.m.c.i.e.AbstractTransferListenerAdapter - Downloaded https://repo.maven.apache.org/maven2/org/springframework/boot/spring-boot-starter-data-jpa-test/4.0.1/spring-boot-starter-data-jpa-test-4.0.1-sources.jar
2025-12-31 19:05:50,009 [Worker-13: Download sources and javadoc] INFO  o.e.m.j.internal.DownloadSourcesJob - Downloaded sources for org.springframework.boot:spring-boot-starter-data-jpa-test:4.0.1
2025-12-31 19:05:50,301 [Worker-13: Download sources and javadoc] INFO  o.e.m.c.i.e.AbstractTransferListenerAdapter - Downloading https://repo.maven.apache.org/maven2/org/springframework/boot/spring-boot-starter-test/4.0.1/spring-boot-starter-test-4.0.1-sources.jar
2025-12-31 19:05:50,307 [Worker-13: Download sources and javadoc] INFO  o.e.m.c.i.e.AbstractTransferListenerAdapter - Downloaded https://repo.maven.apache.org/maven2/org/springframework/boot/spring-boot-starter-test/4.0.1/spring-boot-starter-test-4.0.1-sources.jar
2025-12-31 19:05:50,312 [Worker-13: Download sources and javadoc] INFO  o.e.m.j.internal.DownloadSourcesJob - Downloaded sources for org.springframework.boot:spring-boot-starter-test:4.0.1
2025-12-31 19:05:50,606 [Worker-13: Download sources and javadoc] INFO  o.e.m.c.i.e.AbstractTransferListenerAdapter - Downloading https://repo.maven.apache.org/maven2/org/springframework/boot/spring-boot-test/4.0.1/spring-boot-test-4.0.1-sources.jar
2025-12-31 19:05:50,826 [Worker-13: Download sources and javadoc] INFO  o.e.m.c.i.e.AbstractTransferListenerAdapter - Downloaded https://repo.maven.apache.org/maven2/org/springframework/boot/spring-boot-test/4.0.1/spring-boot-test-4.0.1-sources.jar
2025-12-31 19:05:50,831 [Worker-13: Download sources and javadoc] INFO  o.e.m.j.internal.DownloadSourcesJob - Downloaded sources for org.springframework.boot:spring-boot-test:4.0.1
2025-12-31 19:05:51,118 [Worker-13: Download sources and javadoc] INFO  o.e.m.c.i.e.AbstractTransferListenerAdapter - Downloading https://repo.maven.apache.org/maven2/org/springframework/boot/spring-boot-test-autoconfigure/4.0.1/spring-boot-test-autoconfigure-4.0.1-sources.jar
2025-12-31 19:05:51,125 [Worker-13: Download sources and javadoc] INFO  o.e.m.c.i.e.AbstractTransferListenerAdapter - Downloaded https://repo.maven.apache.org/maven2/org/springframework/boot/spring-boot-test-autoconfigure/4.0.1/spring-boot-test-autoconfigure-4.0.1-sources.jar
2025-12-31 19:05:51,128 [Worker-13: Download sources and javadoc] INFO  o.e.m.j.internal.DownloadSourcesJob - Downloaded sources for org.springframework.boot:spring-boot-test-autoconfigure:4.0.1
2025-12-31 19:05:51,432 [Worker-13: Download sources and javadoc] INFO  o.e.m.c.i.e.AbstractTransferListenerAdapter - Downloading https://repo.maven.apache.org/maven2/com/jayway/jsonpath/json-path/2.10.0/json-path-2.10.0-sources.jar
2025-12-31 19:05:51,847 [Worker-13: Download sources and javadoc] INFO  o.e.m.c.i.e.AbstractTransferListenerAdapter - Downloaded https://repo.maven.apache.org/maven2/com/jayway/jsonpath/json-path/2.10.0/json-path-2.10.0-sources.jar
2025-12-31 19:05:51,853 [Worker-13: Download sources and javadoc] INFO  o.e.m.j.internal.DownloadSourcesJob - Downloaded sources for com.jayway.jsonpath:json-path:2.10.0
2025-12-31 19:05:52,118 [Worker-13: Download sources and javadoc] INFO  o.e.m.c.i.e.AbstractTransferListenerAdapter - Downloading https://repo.maven.apache.org/maven2/org/springframework/spring-test/7.0.2/spring-test-7.0.2-sources.jar
2025-12-31 19:05:52,425 [Worker-13: Download sources and javadoc] INFO  o.e.m.c.i.e.AbstractTransferListenerAdapter - Downloaded https://repo.maven.apache.org/maven2/org/springframework/spring-test/7.0.2/spring-test-7.0.2-sources.jar
2025-12-31 19:05:52,431 [Worker-13: Download sources and javadoc] INFO  o.e.m.j.internal.DownloadSourcesJob - Downloaded sources for org.springframework:spring-test:7.0.2
2025-12-31 19:05:52,765 [Worker-13: Download sources and javadoc] INFO  o.e.m.c.i.e.AbstractTransferListenerAdapter - Downloading https://repo.maven.apache.org/maven2/org/springframework/boot/spring-boot-starter-jdbc-test/4.0.1/spring-boot-starter-jdbc-test-4.0.1-sources.jar
2025-12-31 19:05:52,772 [Worker-13: Download sources and javadoc] INFO  o.e.m.c.i.e.AbstractTransferListenerAdapter - Downloaded https://repo.maven.apache.org/maven2/org/springframework/boot/spring-boot-starter-jdbc-test/4.0.1/spring-boot-starter-jdbc-test-4.0.1-sources.jar
2025-12-31 19:05:52,777 [Worker-13: Download sources and javadoc] INFO  o.e.m.j.internal.DownloadSourcesJob - Downloaded sources for org.springframework.boot:spring-boot-starter-jdbc-test:4.0.1
2025-12-31 19:05:53,063 [Worker-13: Download sources and javadoc] INFO  o.e.m.c.i.e.AbstractTransferListenerAdapter - Downloading https://repo.maven.apache.org/maven2/org/springframework/boot/spring-boot-jdbc-test/4.0.1/spring-boot-jdbc-test-4.0.1-sources.jar
2025-12-31 19:05:53,070 [Worker-13: Download sources and javadoc] INFO  o.e.m.c.i.e.AbstractTransferListenerAdapter - Downloaded https://repo.maven.apache.org/maven2/org/springframework/boot/spring-boot-jdbc-test/4.0.1/spring-boot-jdbc-test-4.0.1-sources.jar
2025-12-31 19:05:53,074 [Worker-13: Download sources and javadoc] INFO  o.e.m.j.internal.DownloadSourcesJob - Downloaded sources for org.springframework.boot:spring-boot-jdbc-test:4.0.1
2025-12-31 19:05:53,368 [Worker-13: Download sources and javadoc] INFO  o.e.m.c.i.e.AbstractTransferListenerAdapter - Downloading https://repo.maven.apache.org/maven2/org/springframework/boot/spring-boot-data-jpa-test/4.0.1/spring-boot-data-jpa-test-4.0.1-sources.jar
2025-12-31 19:05:53,374 [Worker-13: Download sources and javadoc] INFO  o.e.m.c.i.e.AbstractTransferListenerAdapter - Downloaded https://repo.maven.apache.org/maven2/org/springframework/boot/spring-boot-data-jpa-test/4.0.1/spring-boot-data-jpa-test-4.0.1-sources.jar
2025-12-31 19:05:53,379 [Worker-13: Download sources and javadoc] INFO  o.e.m.j.internal.DownloadSourcesJob - Downloaded sources for org.springframework.boot:spring-boot-data-jpa-test:4.0.1
2025-12-31 19:05:53,678 [Worker-13: Download sources and javadoc] INFO  o.e.m.c.i.e.AbstractTransferListenerAdapter - Downloading https://repo.maven.apache.org/maven2/org/springframework/boot/spring-boot-jpa-test/4.0.1/spring-boot-jpa-test-4.0.1-sources.jar
2025-12-31 19:05:53,684 [Worker-13: Download sources and javadoc] INFO  o.e.m.c.i.e.AbstractTransferListenerAdapter - Downloaded https://repo.maven.apache.org/maven2/org/springframework/boot/spring-boot-jpa-test/4.0.1/spring-boot-jpa-test-4.0.1-sources.jar
2025-12-31 19:05:53,689 [Worker-13: Download sources and javadoc] INFO  o.e.m.j.internal.DownloadSourcesJob - Downloaded sources for org.springframework.boot:spring-boot-jpa-test:4.0.1
2025-12-31 19:05:53,986 [Worker-13: Download sources and javadoc] INFO  o.e.m.c.i.e.AbstractTransferListenerAdapter - Downloading https://repo.maven.apache.org/maven2/org/springframework/boot/spring-boot-starter-security-test/4.0.1/spring-boot-starter-security-test-4.0.1-sources.jar
2025-12-31 19:05:53,992 [Worker-13: Download sources and javadoc] INFO  o.e.m.c.i.e.AbstractTransferListenerAdapter - Downloaded https://repo.maven.apache.org/maven2/org/springframework/boot/spring-boot-starter-security-test/4.0.1/spring-boot-starter-security-test-4.0.1-sources.jar
2025-12-31 19:05:53,997 [Worker-13: Download sources and javadoc] INFO  o.e.m.j.internal.DownloadSourcesJob - Downloaded sources for org.springframework.boot:spring-boot-starter-security-test:4.0.1
2025-12-31 19:05:54,290 [Worker-13: Download sources and javadoc] INFO  o.e.m.c.i.e.AbstractTransferListenerAdapter - Downloading https://repo.maven.apache.org/maven2/org/springframework/boot/spring-boot-security-test/4.0.1/spring-boot-security-test-4.0.1-sources.jar
2025-12-31 19:05:54,296 [Worker-13: Download sources and javadoc] INFO  o.e.m.c.i.e.AbstractTransferListenerAdapter - Downloaded https://repo.maven.apache.org/maven2/org/springframework/boot/spring-boot-security-test/4.0.1/spring-boot-security-test-4.0.1-sources.jar
2025-12-31 19:05:54,300 [Worker-13: Download sources and javadoc] INFO  o.e.m.j.internal.DownloadSourcesJob - Downloaded sources for org.springframework.boot:spring-boot-security-test:4.0.1
2025-12-31 19:05:54,498 [Worker-13: Download sources and javadoc] INFO  o.e.m.c.i.e.AbstractTransferListenerAdapter - Downloading https://repo.maven.apache.org/maven2/org/springframework/security/spring-security-test/7.0.2/spring-security-test-7.0.2-sources.jar
2025-12-31 19:05:54,522 [Worker-13: Download sources and javadoc] INFO  o.e.m.c.i.e.AbstractTransferListenerAdapter - Downloaded https://repo.maven.apache.org/maven2/org/springframework/security/spring-security-test/7.0.2/spring-security-test-7.0.2-sources.jar
2025-12-31 19:05:54,527 [Worker-13: Download sources and javadoc] INFO  o.e.m.j.internal.DownloadSourcesJob - Downloaded sources for org.springframework.security:spring-security-test:7.0.2
2025-12-31 19:05:54,811 [Worker-13: Download sources and javadoc] INFO  o.e.m.c.i.e.AbstractTransferListenerAdapter - Downloading https://repo.maven.apache.org/maven2/org/springframework/boot/spring-boot-starter-webmvc-test/4.0.1/spring-boot-starter-webmvc-test-4.0.1-sources.jar
2025-12-31 19:05:54,817 [Worker-13: Download sources and javadoc] INFO  o.e.m.c.i.e.AbstractTransferListenerAdapter - Downloaded https://repo.maven.apache.org/maven2/org/springframework/boot/spring-boot-starter-webmvc-test/4.0.1/spring-boot-starter-webmvc-test-4.0.1-sources.jar
2025-12-31 19:05:54,821 [Worker-13: Download sources and javadoc] INFO  o.e.m.j.internal.DownloadSourcesJob - Downloaded sources for org.springframework.boot:spring-boot-starter-webmvc-test:4.0.1
2025-12-31 19:05:55,210 [Worker-13: Download sources and javadoc] INFO  o.e.m.c.i.e.AbstractTransferListenerAdapter - Downloading https://repo.maven.apache.org/maven2/org/springframework/boot/spring-boot-starter-jackson-test/4.0.1/spring-boot-starter-jackson-test-4.0.1-sources.jar
2025-12-31 19:05:55,216 [Worker-13: Download sources and javadoc] INFO  o.e.m.c.i.e.AbstractTransferListenerAdapter - Downloaded https://repo.maven.apache.org/maven2/org/springframework/boot/spring-boot-starter-jackson-test/4.0.1/spring-boot-starter-jackson-test-4.0.1-sources.jar
2025-12-31 19:05:55,221 [Worker-13: Download sources and javadoc] INFO  o.e.m.j.internal.DownloadSourcesJob - Downloaded sources for org.springframework.boot:spring-boot-starter-jackson-test:4.0.1
2025-12-31 19:05:55,518 [Worker-13: Download sources and javadoc] INFO  o.e.m.c.i.e.AbstractTransferListenerAdapter - Downloading https://repo.maven.apache.org/maven2/org/springframework/boot/spring-boot-webmvc-test/4.0.1/spring-boot-webmvc-test-4.0.1-sources.jar
2025-12-31 19:05:55,525 [Worker-13: Download sources and javadoc] INFO  o.e.m.c.i.e.AbstractTransferListenerAdapter - Downloaded https://repo.maven.apache.org/maven2/org/springframework/boot/spring-boot-webmvc-test/4.0.1/spring-boot-webmvc-test-4.0.1-sources.jar
2025-12-31 19:05:55,531 [Worker-13: Download sources and javadoc] INFO  o.e.m.j.internal.DownloadSourcesJob - Downloaded sources for org.springframework.boot:spring-boot-webmvc-test:4.0.1
2025-12-31 19:05:55,825 [Worker-13: Download sources and javadoc] INFO  o.e.m.c.i.e.AbstractTransferListenerAdapter - Downloading https://repo.maven.apache.org/maven2/org/springframework/boot/spring-boot-web-server/4.0.1/spring-boot-web-server-4.0.1-sources.jar
2025-12-31 19:05:55,880 [Worker-13: Download sources and javadoc] INFO  o.e.m.c.i.e.AbstractTransferListenerAdapter - Downloaded https://repo.maven.apache.org/maven2/org/springframework/boot/spring-boot-web-server/4.0.1/spring-boot-web-server-4.0.1-sources.jar
2025-12-31 19:05:55,883 [Worker-13: Download sources and javadoc] INFO  o.e.m.j.internal.DownloadSourcesJob - Downloaded sources for org.springframework.boot:spring-boot-web-server:4.0.1
2025-12-31 19:05:56,239 [Worker-13: Download sources and javadoc] INFO  o.e.m.c.i.e.AbstractTransferListenerAdapter - Downloading https://repo.maven.apache.org/maven2/org/springframework/boot/spring-boot-resttestclient/4.0.1/spring-boot-resttestclient-4.0.1-sources.jar
2025-12-31 19:05:56,245 [Worker-13: Download sources and javadoc] INFO  o.e.m.c.i.e.AbstractTransferListenerAdapter - Downloaded https://repo.maven.apache.org/maven2/org/springframework/boot/spring-boot-resttestclient/4.0.1/spring-boot-resttestclient-4.0.1-sources.jar
2025-12-31 19:05:56,249 [Worker-13: Download sources and javadoc] INFO  o.e.m.j.internal.DownloadSourcesJob - Downloaded sources for org.springframework.boot:spring-boot-resttestclient:4.0.1
2025-12-31 19:07:25,604 [Worker-42: Building] INFO  o.a.m.s.f.DefaultMavenResourcesFiltering - Copying 1 resource from src\main\resources to target\classes
2025-12-31 19:07:25,635 [Worker-42: Building] INFO  o.a.m.s.f.DefaultMavenResourcesFiltering - Copying 0 resource from src\main\resources to target\classes
2025-12-31 19:07:25,642 [Worker-42: Building] INFO  o.a.m.s.f.DefaultMavenResourcesFiltering - skip non existing resourceDirectory E:\Spring Security\Security\Security\src\test\resources
2025-12-31 19:07:47,365 [Worker-43: Building] INFO  o.a.m.s.f.DefaultMavenResourcesFiltering - Copying 1 resource from src\main\resources to target\classes
2025-12-31 19:07:47,398 [Worker-43: Building] INFO  o.a.m.s.f.DefaultMavenResourcesFiltering - Copying 0 resource from src\main\resources to target\classes
2025-12-31 19:07:47,408 [Worker-43: Building] INFO  o.a.m.s.f.DefaultMavenResourcesFiltering - skip non existing resourceDirectory E:\Spring Security\Security\Security\src\test\resources
2025-12-31 19:07:57,718 [Worker-42: Building] INFO  o.a.m.s.f.DefaultMavenResourcesFiltering - Copying 1 resource from src\main\resources to target\classes
2025-12-31 19:07:57,730 [Worker-42: Building] INFO  o.a.m.s.f.DefaultMavenResourcesFiltering - Copying 0 resource from src\main\resources to target\classes
2025-12-31 19:07:57,734 [Worker-42: Building] INFO  o.a.m.s.f.DefaultMavenResourcesFiltering - skip non existing resourceDirectory E:\Spring Security\Security\Security\src\test\resources
2025-12-31 19:08:08,414 [Worker-13: Building] INFO  o.a.m.s.f.DefaultMavenResourcesFiltering - Copying 1 resource from src\main\resources to target\classes
2025-12-31 19:08:08,427 [Worker-13: Building] INFO  o.a.m.s.f.DefaultMavenResourcesFiltering - Copying 0 resource from src\main\resources to target\classes
2025-12-31 19:08:08,431 [Worker-13: Building] INFO  o.a.m.s.f.DefaultMavenResourcesFiltering - skip non existing resourceDirectory E:\Spring Security\Security\Security\src\test\resources
2025-12-31 19:09:36,496 [Worker-44: Building] INFO  o.a.m.s.f.DefaultMavenResourcesFiltering - Copying 1 resource from src\main\resources to target\classes
2025-12-31 19:09:36,505 [Worker-44: Building] INFO  o.a.m.s.f.DefaultMavenResourcesFiltering - Copying 0 resource from src\main\resources to target\classes
2025-12-31 19:09:36,508 [Worker-44: Building] INFO  o.a.m.s.f.DefaultMavenResourcesFiltering - skip non existing resourceDirectory E:\Spring Security\Security\Security\src\test\resources
2025-12-31 19:10:04,157 [Worker-40: Building] INFO  o.a.m.s.f.DefaultMavenResourcesFiltering - Copying 1 resource from src\main\resources to target\classes
2025-12-31 19:10:04,192 [Worker-40: Building] INFO  o.a.m.s.f.DefaultMavenResourcesFiltering - Copying 0 resource from src\main\resources to target\classes
2025-12-31 19:10:04,199 [Worker-40: Building] INFO  o.a.m.s.f.DefaultMavenResourcesFiltering - skip non existing resourceDirectory E:\Spring Security\Security\Security\src\test\resources
2025-12-31 19:10:16,532 [Worker-40: Building] INFO  o.a.m.s.f.DefaultMavenResourcesFiltering - Copying 1 resource from src\main\resources to target\classes
2025-12-31 19:10:16,540 [Worker-40: Building] INFO  o.a.m.s.f.DefaultMavenResourcesFiltering - Copying 0 resource from src\main\resources to target\classes
2025-12-31 19:10:16,543 [Worker-40: Building] INFO  o.a.m.s.f.DefaultMavenResourcesFiltering - skip non existing resourceDirectory E:\Spring Security\Security\Security\src\test\resources
2025-12-31 19:10:20,458 [Worker-42: Building] INFO  o.a.m.s.f.DefaultMavenResourcesFiltering - Copying 1 resource from src\main\resources to target\classes
2025-12-31 19:10:20,465 [Worker-42: Building] INFO  o.a.m.s.f.DefaultMavenResourcesFiltering - Copying 0 resource from src\main\resources to target\classes
2025-12-31 19:10:20,468 [Worker-42: Building] INFO  o.a.m.s.f.DefaultMavenResourcesFiltering - skip non existing resourceDirectory E:\Spring Security\Security\Security\src\test\resources
2025-12-31 19:11:32,609 [Worker-13: Building] INFO  o.a.m.s.f.DefaultMavenResourcesFiltering - Copying 1 resource from src\main\resources to target\classes
2025-12-31 19:11:32,617 [Worker-13: Building] INFO  o.a.m.s.f.DefaultMavenResourcesFiltering - Copying 0 resource from src\main\resources to target\classes
2025-12-31 19:11:32,620 [Worker-13: Building] INFO  o.a.m.s.f.DefaultMavenResourcesFiltering - skip non existing resourceDirectory E:\Spring Security\Security\Security\src\test\resources
2025-12-31 19:12:08,866 [Worker-8: Building] INFO  o.e.m.c.i.l.LifecycleMappingFactory - Using org.eclipse.m2e.jdt.JarLifecycleMapping lifecycle mapping for MavenProject: com.springSecurity:Security:0.0.1-SNAPSHOT @ E:\Spring Security\Security\Security\pom.xml.
2025-12-31 19:12:09,856 [Worker-8: Building] INFO  o.a.m.s.f.DefaultMavenResourcesFiltering - Copying 0 resource from src\main\resources to target\classes
2025-12-31 19:12:09,857 [Worker-8: Building] INFO  o.a.m.s.f.DefaultMavenResourcesFiltering - Copying 0 resource from src\main\resources to target\classes
2025-12-31 19:12:09,862 [Worker-8: Building] INFO  o.a.m.s.f.DefaultMavenResourcesFiltering - skip non existing resourceDirectory E:\Spring Security\Security\Security\src\test\resources
2025-12-31 19:12:10,065 [Worker-40: Launching Security - SecurityApplication] INFO  o.a.m.s.f.DefaultMavenResourcesFiltering - Copying 1 resource from src\main\resources to target\classes
2025-12-31 19:12:10,074 [Worker-40: Launching Security - SecurityApplication] INFO  o.a.m.s.f.DefaultMavenResourcesFiltering - Copying 0 resource from src\main\resources to target\classes
2025-12-31 19:12:10,077 [Worker-40: Launching Security - SecurityApplication] INFO  o.a.m.s.f.DefaultMavenResourcesFiltering - skip non existing resourceDirectory E:\Spring Security\Security\Security\src\test\resources
2025-12-31 19:14:44,482 [Worker-46: Building] INFO  o.a.m.s.f.DefaultMavenResourcesFiltering - Copying 1 resource from src\main\resources to target\classes
2025-12-31 19:14:44,491 [Worker-46: Building] INFO  o.a.m.s.f.DefaultMavenResourcesFiltering - Copying 0 resource from src\main\resources to target\classes
2025-12-31 19:14:44,494 [Worker-46: Building] INFO  o.a.m.s.f.DefaultMavenResourcesFiltering - skip non existing resourceDirectory E:\Spring Security\Security\Security\src\test\resources
2025-12-31 19:17:58,290 [Worker-42: Building] INFO  o.a.m.s.f.DefaultMavenResourcesFiltering - Copying 1 resource from src\main\resources to target\classes
2025-12-31 19:17:58,299 [Worker-42: Building] INFO  o.a.m.s.f.DefaultMavenResourcesFiltering - Copying 0 resource from src\main\resources to target\classes
2025-12-31 19:17:58,304 [Worker-42: Building] INFO  o.a.m.s.f.DefaultMavenResourcesFiltering - skip non existing resourceDirectory E:\Spring Security\Security\Security\src\test\resources
2025-12-31 19:18:46,181 [Worker-13: Building] INFO  o.a.m.s.f.DefaultMavenResourcesFiltering - Copying 1 resource from src\main\resources to target\classes
2025-12-31 19:18:46,191 [Worker-13: Building] INFO  o.a.m.s.f.DefaultMavenResourcesFiltering - Copying 0 resource from src\main\resources to target\classes
2025-12-31 19:18:46,194 [Worker-13: Building] INFO  o.a.m.s.f.DefaultMavenResourcesFiltering - skip non existing resourceDirectory E:\Spring Security\Security\Security\src\test\resources
2025-12-31 19:24:10,105 [Worker-40: Building] INFO  o.e.m.c.i.l.LifecycleMappingFactory - Using org.eclipse.m2e.jdt.JarLifecycleMapping lifecycle mapping for MavenProject: com.springSecurity:Security:0.0.1-SNAPSHOT @ E:\Spring Security\Security\Security\pom.xml.
2025-12-31 19:24:11,072 [Worker-40: Building] INFO  o.a.m.s.f.DefaultMavenResourcesFiltering - Copying 0 resource from src\main\resources to target\classes
2025-12-31 19:24:11,072 [Worker-40: Building] INFO  o.a.m.s.f.DefaultMavenResourcesFiltering - Copying 0 resource from src\main\resources to target\classes
2025-12-31 19:24:11,080 [Worker-40: Building] INFO  o.a.m.s.f.DefaultMavenResourcesFiltering - skip non existing resourceDirectory E:\Spring Security\Security\Security\src\test\resources
2025-12-31 19:24:11,406 [Worker-40: Building] INFO  o.a.m.s.f.DefaultMavenResourcesFiltering - Copying 1 resource from src\main\resources to target\classes
2025-12-31 19:24:11,416 [Worker-40: Building] INFO  o.a.m.s.f.DefaultMavenResourcesFiltering - Copying 0 resource from src\main\resources to target\classes
2025-12-31 19:24:11,418 [Worker-40: Building] INFO  o.a.m.s.f.DefaultMavenResourcesFiltering - skip non existing resourceDirectory E:\Spring Security\Security\Security\src\test\resources
2025-12-31 19:58:28,049 [Worker-4: Loading available Gradle versions] INFO  o.e.b.c.i.u.g.PublishedGradleVersions - Gradle version information cache is up-to-date. Trying to read.
2026-01-01 17:39:03,319 [Worker-6: Loading available Gradle versions] INFO  o.e.b.c.i.u.g.PublishedGradleVersions - Gradle version information cache is up-to-date. Trying to read.
2026-01-01 17:39:33,058 [Worker-15: Building] INFO  o.a.m.s.f.DefaultMavenResourcesFiltering - Copying 1 resource from src\main\resources to target\classes
2026-01-01 17:39:33,082 [Worker-15: Building] INFO  o.a.m.s.f.DefaultMavenResourcesFiltering - Copying 0 resource from src\main\resources to target\classes
2026-01-01 17:39:33,086 [Worker-15: Building] INFO  o.a.m.s.f.DefaultMavenResourcesFiltering - skip non existing resourceDirectory E:\Spring Security\Security\Security\src\test\resources
2026-01-01 17:41:03,280 [Worker-18: Building] INFO  o.e.m.c.i.l.LifecycleMappingFactory - Using org.eclipse.m2e.jdt.JarLifecycleMapping lifecycle mapping for MavenProject: com.springSecurity:Security:0.0.1-SNAPSHOT @ E:\Spring Security\Security\Security\pom.xml.
2026-01-01 17:41:04,098 [Worker-18: Building] INFO  o.a.m.s.f.DefaultMavenResourcesFiltering - Copying 0 resource from src\main\resources to target\classes
2026-01-01 17:41:04,098 [Worker-18: Building] INFO  o.a.m.s.f.DefaultMavenResourcesFiltering - Copying 0 resource from src\main\resources to target\classes
2026-01-01 17:41:04,102 [Worker-18: Building] INFO  o.a.m.s.f.DefaultMavenResourcesFiltering - skip non existing resourceDirectory E:\Spring Security\Security\Security\src\test\resources
2026-01-01 17:41:05,288 [Worker-2: Building] INFO  o.a.m.s.f.DefaultMavenResourcesFiltering - Copying 1 resource from src\main\resources to target\classes
2026-01-01 17:41:05,320 [Worker-2: Building] INFO  o.a.m.s.f.DefaultMavenResourcesFiltering - Copying 0 resource from src\main\resources to target\classes
2026-01-01 17:41:05,326 [Worker-2: Building] INFO  o.a.m.s.f.DefaultMavenResourcesFiltering - skip non existing resourceDirectory E:\Spring Security\Security\Security\src\test\resources
2026-01-01 17:41:10,413 [Worker-30: Building] INFO  o.a.m.s.f.DefaultMavenResourcesFiltering - Copying 1 resource from src\main\resources to target\classes
2026-01-01 17:41:10,419 [Worker-30: Building] INFO  o.a.m.s.f.DefaultMavenResourcesFiltering - Copying 0 resource from src\main\resources to target\classes
2026-01-01 17:41:10,421 [Worker-30: Building] INFO  o.a.m.s.f.DefaultMavenResourcesFiltering - skip non existing resourceDirectory E:\Spring Security\Security\Security\src\test\resources
2026-01-01 17:42:41,657 [Worker-28: Building] INFO  o.a.m.s.f.DefaultMavenResourcesFiltering - Copying 1 resource from src\main\resources to target\classes
2026-01-01 17:42:41,663 [Worker-28: Building] INFO  o.a.m.s.f.DefaultMavenResourcesFiltering - Copying 0 resource from src\main\resources to target\classes
2026-01-01 17:42:41,665 [Worker-28: Building] INFO  o.a.m.s.f.DefaultMavenResourcesFiltering - skip non existing resourceDirectory E:\Spring Security\Security\Security\src\test\resources
2026-01-01 17:43:50,497 [Worker-24: Building] INFO  o.e.m.c.i.l.LifecycleMappingFactory - Using org.eclipse.m2e.jdt.JarLifecycleMapping lifecycle mapping for MavenProject: com.springSecurity:Security:0.0.1-SNAPSHOT @ E:\Spring Security\Security\Security\pom.xml.
2026-01-01 17:43:51,270 [Worker-24: Building] INFO  o.a.m.s.f.DefaultMavenResourcesFiltering - Copying 0 resource from src\main\resources to target\classes
2026-01-01 17:43:51,271 [Worker-24: Building] INFO  o.a.m.s.f.DefaultMavenResourcesFiltering - Copying 0 resource from src\main\resources to target\classes
2026-01-01 17:43:51,274 [Worker-24: Building] INFO  o.a.m.s.f.DefaultMavenResourcesFiltering - skip non existing resourceDirectory E:\Spring Security\Security\Security\src\test\resources
2026-01-01 17:43:51,617 [Worker-4: Building] INFO  o.a.m.s.f.DefaultMavenResourcesFiltering - Copying 1 resource from src\main\resources to target\classes
2026-01-01 17:43:51,628 [Worker-4: Building] INFO  o.a.m.s.f.DefaultMavenResourcesFiltering - Copying 0 resource from src\main\resources to target\classes
2026-01-01 17:43:51,632 [Worker-4: Building] INFO  o.a.m.s.f.DefaultMavenResourcesFiltering - skip non existing resourceDirectory E:\Spring Security\Security\Security\src\test\resources
2026-01-01 17:44:40,738 [Worker-24: Building] INFO  o.e.m.c.i.l.LifecycleMappingFactory - Using org.eclipse.m2e.jdt.JarLifecycleMapping lifecycle mapping for MavenProject: com.springSecurity:Security:0.0.1-SNAPSHOT @ E:\Spring Security\Security\Security\pom.xml.
2026-01-01 17:44:41,420 [Worker-24: Building] INFO  o.a.m.s.f.DefaultMavenResourcesFiltering - Copying 0 resource from src\main\resources to target\classes
2026-01-01 17:44:41,420 [Worker-24: Building] INFO  o.a.m.s.f.DefaultMavenResourcesFiltering - Copying 0 resource from src\main\resources to target\classes
2026-01-01 17:44:41,423 [Worker-24: Building] INFO  o.a.m.s.f.DefaultMavenResourcesFiltering - skip non existing resourceDirectory E:\Spring Security\Security\Security\src\test\resources
2026-01-01 17:44:42,707 [Worker-25: Building] INFO  o.a.m.s.f.DefaultMavenResourcesFiltering - Copying 1 resource from src\main\resources to target\classes
2026-01-01 17:44:42,720 [Worker-25: Building] INFO  o.a.m.s.f.DefaultMavenResourcesFiltering - Copying 0 resource from src\main\resources to target\classes
2026-01-01 17:44:42,723 [Worker-25: Building] INFO  o.a.m.s.f.DefaultMavenResourcesFiltering - skip non existing resourceDirectory E:\Spring Security\Security\Security\src\test\resources
2026-01-01 17:45:08,175 [Worker-36: Building] INFO  o.a.m.s.f.DefaultMavenResourcesFiltering - Copying 1 resource from src\main\resources to target\classes
2026-01-01 17:45:08,179 [Worker-36: Building] INFO  o.a.m.s.f.DefaultMavenResourcesFiltering - Copying 0 resource from src\main\resources to target\classes
2026-01-01 17:45:08,181 [Worker-36: Building] INFO  o.a.m.s.f.DefaultMavenResourcesFiltering - skip non existing resourceDirectory E:\Spring Security\Security\Security\src\test\resources
2026-01-01 17:46:06,362 [Worker-7: Building] INFO  o.a.m.s.f.DefaultMavenResourcesFiltering - Copying 1 resource from src\main\resources to target\classes
2026-01-01 17:46:06,367 [Worker-7: Building] INFO  o.a.m.s.f.DefaultMavenResourcesFiltering - Copying 0 resource from src\main\resources to target\classes
2026-01-01 17:46:06,369 [Worker-7: Building] INFO  o.a.m.s.f.DefaultMavenResourcesFiltering - skip non existing resourceDirectory E:\Spring Security\Security\Security\src\test\resources
2026-01-01 17:47:31,262 [Worker-24: Building] INFO  o.a.m.s.f.DefaultMavenResourcesFiltering - Copying 1 resource from src\main\resources to target\classes
2026-01-01 17:47:31,266 [Worker-24: Building] INFO  o.a.m.s.f.DefaultMavenResourcesFiltering - Copying 0 resource from src\main\resources to target\classes
2026-01-01 17:47:31,268 [Worker-24: Building] INFO  o.a.m.s.f.DefaultMavenResourcesFiltering - skip non existing resourceDirectory E:\Spring Security\Security\Security\src\test\resources
2026-01-01 17:59:22,260 [Worker-28: Building] INFO  o.a.m.s.f.DefaultMavenResourcesFiltering - Copying 1 resource from src\main\resources to target\classes
2026-01-01 17:59:22,278 [Worker-28: Building] INFO  o.a.m.s.f.DefaultMavenResourcesFiltering - Copying 0 resource from src\main\resources to target\classes
2026-01-01 17:59:22,281 [Worker-28: Building] INFO  o.a.m.s.f.DefaultMavenResourcesFiltering - skip non existing resourceDirectory E:\Spring Security\Security\Security\src\test\resources
2026-01-01 17:59:46,398 [Worker-40: Building] INFO  o.a.m.s.f.DefaultMavenResourcesFiltering - Copying 1 resource from src\main\resources to target\classes
2026-01-01 17:59:46,412 [Worker-40: Building] INFO  o.a.m.s.f.DefaultMavenResourcesFiltering - Copying 0 resource from src\main\resources to target\classes
2026-01-01 17:59:46,417 [Worker-40: Building] INFO  o.a.m.s.f.DefaultMavenResourcesFiltering - skip non existing resourceDirectory E:\Spring Security\Security\Security\src\test\resources
2026-01-01 18:00:43,241 [Worker-39: Building] INFO  o.a.m.s.f.DefaultMavenResourcesFiltering - Copying 1 resource from src\main\resources to target\classes
2026-01-01 18:00:43,245 [Worker-39: Building] INFO  o.a.m.s.f.DefaultMavenResourcesFiltering - Copying 0 resource from src\main\resources to target\classes
2026-01-01 18:00:43,247 [Worker-39: Building] INFO  o.a.m.s.f.DefaultMavenResourcesFiltering - skip non existing resourceDirectory E:\Spring Security\Security\Security\src\test\resources
2026-01-01 18:00:47,985 [Worker-41: Building] INFO  o.a.m.s.f.DefaultMavenResourcesFiltering - Copying 1 resource from src\main\resources to target\classes
2026-01-01 18:00:47,990 [Worker-41: Building] INFO  o.a.m.s.f.DefaultMavenResourcesFiltering - Copying 0 resource from src\main\resources to target\classes
2026-01-01 18:00:47,992 [Worker-41: Building] INFO  o.a.m.s.f.DefaultMavenResourcesFiltering - skip non existing resourceDirectory E:\Spring Security\Security\Security\src\test\resources
2026-01-01 18:01:28,981 [Worker-41: Building] INFO  o.a.m.s.f.DefaultMavenResourcesFiltering - Copying 1 resource from src\main\resources to target\classes
2026-01-01 18:01:28,993 [Worker-41: Building] INFO  o.a.m.s.f.DefaultMavenResourcesFiltering - Copying 0 resource from src\main\resources to target\classes
2026-01-01 18:01:28,998 [Worker-41: Building] INFO  o.a.m.s.f.DefaultMavenResourcesFiltering - skip non existing resourceDirectory E:\Spring Security\Security\Security\src\test\resources
2026-01-01 18:01:41,874 [Worker-28: Building] INFO  o.a.m.s.f.DefaultMavenResourcesFiltering - Copying 1 resource from src\main\resources to target\classes
2026-01-01 18:01:41,877 [Worker-28: Building] INFO  o.a.m.s.f.DefaultMavenResourcesFiltering - Copying 0 resource from src\main\resources to target\classes
2026-01-01 18:01:41,880 [Worker-28: Building] INFO  o.a.m.s.f.DefaultMavenResourcesFiltering - skip non existing resourceDirectory E:\Spring Security\Security\Security\src\test\resources
2026-01-01 18:02:26,434 [Worker-39: Building] INFO  o.a.m.s.f.DefaultMavenResourcesFiltering - Copying 1 resource from src\main\resources to target\classes
2026-01-01 18:02:26,438 [Worker-39: Building] INFO  o.a.m.s.f.DefaultMavenResourcesFiltering - Copying 0 resource from src\main\resources to target\classes
2026-01-01 18:02:26,440 [Worker-39: Building] INFO  o.a.m.s.f.DefaultMavenResourcesFiltering - skip non existing resourceDirectory E:\Spring Security\Security\Security\src\test\resources
2026-01-01 18:03:00,911 [Worker-28: Launching Security - SecurityApplication] INFO  o.a.m.s.f.DefaultMavenResourcesFiltering - Copying 1 resource from src\main\resources to target\classes
2026-01-01 18:03:00,927 [Worker-28: Launching Security - SecurityApplication] INFO  o.a.m.s.f.DefaultMavenResourcesFiltering - Copying 0 resource from src\main\resources to target\classes
2026-01-01 18:03:00,932 [Worker-28: Launching Security - SecurityApplication] INFO  o.a.m.s.f.DefaultMavenResourcesFiltering - skip non existing resourceDirectory E:\Spring Security\Security\Security\src\test\resources
2026-01-01 18:11:21,283 [Worker-46: Building] INFO  o.a.m.s.f.DefaultMavenResourcesFiltering - Copying 1 resource from src\main\resources to target\classes
2026-01-01 18:11:21,288 [Worker-46: Building] INFO  o.a.m.s.f.DefaultMavenResourcesFiltering - Copying 0 resource from src\main\resources to target\classes
2026-01-01 18:11:21,290 [Worker-46: Building] INFO  o.a.m.s.f.DefaultMavenResourcesFiltering - skip non existing resourceDirectory E:\Spring Security\Security\Security\src\test\resources
2026-01-01 18:13:28,257 [Worker-28: Building] INFO  o.a.m.s.f.DefaultMavenResourcesFiltering - Copying 1 resource from src\main\resources to target\classes
2026-01-01 18:13:28,261 [Worker-28: Building] INFO  o.a.m.s.f.DefaultMavenResourcesFiltering - Copying 0 resource from src\main\resources to target\classes
2026-01-01 18:13:28,263 [Worker-28: Building] INFO  o.a.m.s.f.DefaultMavenResourcesFiltering - skip non existing resourceDirectory E:\Spring Security\Security\Security\src\test\resources
2026-01-01 18:15:28,859 [Worker-45: Building] INFO  o.a.m.s.f.DefaultMavenResourcesFiltering - Copying 1 resource from src\main\resources to target\classes
2026-01-01 18:15:28,865 [Worker-45: Building] INFO  o.a.m.s.f.DefaultMavenResourcesFiltering - Copying 0 resource from src\main\resources to target\classes
2026-01-01 18:15:28,867 [Worker-45: Building] INFO  o.a.m.s.f.DefaultMavenResourcesFiltering - skip non existing resourceDirectory E:\Spring Security\Security\Security\src\test\resources
2026-01-01 18:19:06,123 [Worker-45: Building] INFO  o.a.m.s.f.DefaultMavenResourcesFiltering - Copying 1 resource from src\main\resources to target\classes
2026-01-01 18:19:06,133 [Worker-45: Building] INFO  o.a.m.s.f.DefaultMavenResourcesFiltering - Copying 0 resource from src\main\resources to target\classes
2026-01-01 18:19:06,138 [Worker-45: Building] INFO  o.a.m.s.f.DefaultMavenResourcesFiltering - skip non existing resourceDirectory E:\Spring Security\Security\Security\src\test\resources
2026-01-01 18:21:56,817 [Worker-45: Building] INFO  o.a.m.s.f.DefaultMavenResourcesFiltering - Copying 1 resource from src\main\resources to target\classes
2026-01-01 18:21:56,820 [Worker-45: Building] INFO  o.a.m.s.f.DefaultMavenResourcesFiltering - Copying 0 resource from src\main\resources to target\classes
2026-01-01 18:21:56,823 [Worker-45: Building] INFO  o.a.m.s.f.DefaultMavenResourcesFiltering - skip non existing resourceDirectory E:\Spring Security\Security\Security\src\test\resources
2026-01-01 18:22:02,602 [Worker-47: Building] INFO  o.a.m.s.f.DefaultMavenResourcesFiltering - Copying 1 resource from src\main\resources to target\classes
2026-01-01 18:22:02,607 [Worker-47: Building] INFO  o.a.m.s.f.DefaultMavenResourcesFiltering - Copying 0 resource from src\main\resources to target\classes
2026-01-01 18:22:02,609 [Worker-47: Building] INFO  o.a.m.s.f.DefaultMavenResourcesFiltering - skip non existing resourceDirectory E:\Spring Security\Security\Security\src\test\resources
2026-01-01 18:22:28,950 [Worker-47: Building] INFO  o.a.m.s.f.DefaultMavenResourcesFiltering - Copying 1 resource from src\main\resources to target\classes
2026-01-01 18:22:28,954 [Worker-47: Building] INFO  o.a.m.s.f.DefaultMavenResourcesFiltering - Copying 0 resource from src\main\resources to target\classes
2026-01-01 18:22:28,956 [Worker-47: Building] INFO  o.a.m.s.f.DefaultMavenResourcesFiltering - skip non existing resourceDirectory E:\Spring Security\Security\Security\src\test\resources
2026-01-01 18:22:55,639 [Worker-50: Building] INFO  o.a.m.s.f.DefaultMavenResourcesFiltering - Copying 1 resource from src\main\resources to target\classes
2026-01-01 18:22:55,643 [Worker-50: Building] INFO  o.a.m.s.f.DefaultMavenResourcesFiltering - Copying 0 resource from src\main\resources to target\classes
2026-01-01 18:22:55,645 [Worker-50: Building] INFO  o.a.m.s.f.DefaultMavenResourcesFiltering - skip non existing resourceDirectory E:\Spring Security\Security\Security\src\test\resources
2026-01-01 18:23:01,690 [Worker-53: Building] INFO  o.a.m.s.f.DefaultMavenResourcesFiltering - Copying 1 resource from src\main\resources to target\classes
2026-01-01 18:23:01,693 [Worker-53: Building] INFO  o.a.m.s.f.DefaultMavenResourcesFiltering - Copying 0 resource from src\main\resources to target\classes
2026-01-01 18:23:01,696 [Worker-53: Building] INFO  o.a.m.s.f.DefaultMavenResourcesFiltering - skip non existing resourceDirectory E:\Spring Security\Security\Security\src\test\resources
2026-01-01 18:23:27,995 [Worker-51: Launching Security - SecurityApplication] INFO  o.a.m.s.f.DefaultMavenResourcesFiltering - Copying 1 resource from src\main\resources to target\classes
2026-01-01 18:23:28,007 [Worker-51: Launching Security - SecurityApplication] INFO  o.a.m.s.f.DefaultMavenResourcesFiltering - Copying 0 resource from src\main\resources to target\classes
2026-01-01 18:23:28,011 [Worker-51: Launching Security - SecurityApplication] INFO  o.a.m.s.f.DefaultMavenResourcesFiltering - skip non existing resourceDirectory E:\Spring Security\Security\Security\src\test\resources
2026-01-01 18:27:46,887 [Worker-52: Building] INFO  o.a.m.s.f.DefaultMavenResourcesFiltering - Copying 1 resource from src\main\resources to target\classes
2026-01-01 18:27:46,893 [Worker-52: Building] INFO  o.a.m.s.f.DefaultMavenResourcesFiltering - Copying 0 resource from src\main\resources to target\classes
2026-01-01 18:27:46,895 [Worker-52: Building] INFO  o.a.m.s.f.DefaultMavenResourcesFiltering - skip non existing resourceDirectory E:\Spring Security\Security\Security\src\test\resources
2026-01-01 18:40:26,372 [Worker-47: Building] INFO  o.a.m.s.f.DefaultMavenResourcesFiltering - Copying 1 resource from src\main\resources to target\classes
2026-01-01 18:40:26,379 [Worker-47: Building] INFO  o.a.m.s.f.DefaultMavenResourcesFiltering - Copying 0 resource from src\main\resources to target\classes
2026-01-01 18:40:26,381 [Worker-47: Building] INFO  o.a.m.s.f.DefaultMavenResourcesFiltering - skip non existing resourceDirectory E:\Spring Security\Security\Security\src\test\resources
2026-01-01 18:41:57,067 [Worker-28: Building] INFO  o.a.m.s.f.DefaultMavenResourcesFiltering - Copying 1 resource from src\main\resources to target\classes
2026-01-01 18:41:57,072 [Worker-28: Building] INFO  o.a.m.s.f.DefaultMavenResourcesFiltering - Copying 0 resource from src\main\resources to target\classes
2026-01-01 18:41:57,074 [Worker-28: Building] INFO  o.a.m.s.f.DefaultMavenResourcesFiltering - skip non existing resourceDirectory E:\Spring Security\Security\Security\src\test\resources
2026-01-01 18:44:02,931 [Worker-52: Building] INFO  o.a.m.s.f.DefaultMavenResourcesFiltering - Copying 1 resource from src\main\resources to target\classes
2026-01-01 18:44:02,935 [Worker-52: Building] INFO  o.a.m.s.f.DefaultMavenResourcesFiltering - Copying 0 resource from src\main\resources to target\classes
2026-01-01 18:44:02,937 [Worker-52: Building] INFO  o.a.m.s.f.DefaultMavenResourcesFiltering - skip non existing resourceDirectory E:\Spring Security\Security\Security\src\test\resources
2026-01-01 18:48:38,928 [Worker-56: Building] INFO  o.a.m.s.f.DefaultMavenResourcesFiltering - Copying 1 resource from src\main\resources to target\classes
2026-01-01 18:48:38,933 [Worker-56: Building] INFO  o.a.m.s.f.DefaultMavenResourcesFiltering - Copying 0 resource from src\main\resources to target\classes
2026-01-01 18:48:38,935 [Worker-56: Building] INFO  o.a.m.s.f.DefaultMavenResourcesFiltering - skip non existing resourceDirectory E:\Spring Security\Security\Security\src\test\resources
2026-01-01 19:17:37,194 [Worker-47: Building] INFO  o.a.m.s.f.DefaultMavenResourcesFiltering - Copying 1 resource from src\main\resources to target\classes
2026-01-01 19:17:37,205 [Worker-47: Building] INFO  o.a.m.s.f.DefaultMavenResourcesFiltering - Copying 0 resource from src\main\resources to target\classes
2026-01-01 19:17:37,207 [Worker-47: Building] INFO  o.a.m.s.f.DefaultMavenResourcesFiltering - skip non existing resourceDirectory E:\Spring Security\Security\Security\src\test\resources
2026-01-02 18:09:49,800 [Worker-4: Loading available Gradle versions] INFO  o.e.b.c.i.u.g.PublishedGradleVersions - Gradle version information cache is out-of-date. Trying to update.
2026-01-02 18:25:58,618 [Worker-22: Building] INFO  o.a.m.s.f.DefaultMavenResourcesFiltering - Copying 1 resource from src\main\resources to target\classes
2026-01-02 18:25:58,671 [Worker-22: Building] INFO  o.a.m.s.f.DefaultMavenResourcesFiltering - Copying 0 resource from src\main\resources to target\classes
2026-01-02 18:25:58,679 [Worker-22: Building] INFO  o.a.m.s.f.DefaultMavenResourcesFiltering - skip non existing resourceDirectory E:\Spring Security\Security\Security\src\test\resources
2026-01-02 18:27:03,156 [Worker-43: Building] INFO  o.a.m.s.f.DefaultMavenResourcesFiltering - Copying 1 resource from src\main\resources to target\classes
2026-01-02 18:27:03,185 [Worker-43: Building] INFO  o.a.m.s.f.DefaultMavenResourcesFiltering - Copying 0 resource from src\main\resources to target\classes
2026-01-02 18:27:03,194 [Worker-43: Building] INFO  o.a.m.s.f.DefaultMavenResourcesFiltering - skip non existing resourceDirectory E:\Spring Security\Security\Security\src\test\resources
2026-01-02 18:34:36,733 [Worker-44: Building] INFO  o.a.m.s.f.DefaultMavenResourcesFiltering - Copying 1 resource from src\main\resources to target\classes
2026-01-02 18:34:36,749 [Worker-44: Building] INFO  o.a.m.s.f.DefaultMavenResourcesFiltering - Copying 0 resource from src\main\resources to target\classes
2026-01-02 18:34:36,755 [Worker-44: Building] INFO  o.a.m.s.f.DefaultMavenResourcesFiltering - skip non existing resourceDirectory E:\Spring Security\Security\Security\src\test\resources
2026-01-02 18:35:13,278 [Worker-44: Building] INFO  o.a.m.s.f.DefaultMavenResourcesFiltering - Copying 1 resource from src\main\resources to target\classes
2026-01-02 18:35:13,289 [Worker-44: Building] INFO  o.a.m.s.f.DefaultMavenResourcesFiltering - Copying 0 resource from src\main\resources to target\classes
2026-01-02 18:35:13,294 [Worker-44: Building] INFO  o.a.m.s.f.DefaultMavenResourcesFiltering - skip non existing resourceDirectory E:\Spring Security\Security\Security\src\test\resources
2026-01-02 18:35:33,504 [Worker-22: Building] INFO  o.a.m.s.f.DefaultMavenResourcesFiltering - Copying 1 resource from src\main\resources to target\classes
2026-01-02 18:35:33,515 [Worker-22: Building] INFO  o.a.m.s.f.DefaultMavenResourcesFiltering - Copying 0 resource from src\main\resources to target\classes
2026-01-02 18:35:33,519 [Worker-22: Building] INFO  o.a.m.s.f.DefaultMavenResourcesFiltering - skip non existing resourceDirectory E:\Spring Security\Security\Security\src\test\resources
2026-01-02 18:36:33,750 [Worker-47: Building] INFO  o.a.m.s.f.DefaultMavenResourcesFiltering - Copying 1 resource from src\main\resources to target\classes
2026-01-02 18:36:33,782 [Worker-47: Building] INFO  o.a.m.s.f.DefaultMavenResourcesFiltering - Copying 0 resource from src\main\resources to target\classes
2026-01-02 18:36:33,794 [Worker-47: Building] INFO  o.a.m.s.f.DefaultMavenResourcesFiltering - skip non existing resourceDirectory E:\Spring Security\Security\Security\src\test\resources
2026-01-02 18:39:50,324 [Worker-46: Building] INFO  o.a.m.s.f.DefaultMavenResourcesFiltering - Copying 1 resource from src\main\resources to target\classes
2026-01-02 18:39:50,328 [Worker-46: Building] INFO  o.a.m.s.f.DefaultMavenResourcesFiltering - Copying 0 resource from src\main\resources to target\classes
2026-01-02 18:39:50,332 [Worker-46: Building] INFO  o.a.m.s.f.DefaultMavenResourcesFiltering - skip non existing resourceDirectory E:\Spring Security\Security\Security\src\test\resources
2026-01-02 18:47:00,753 [Worker-49: Building] INFO  o.a.m.s.f.DefaultMavenResourcesFiltering - Copying 1 resource from src\main\resources to target\classes
2026-01-02 18:47:00,757 [Worker-49: Building] INFO  o.a.m.s.f.DefaultMavenResourcesFiltering - Copying 0 resource from src\main\resources to target\classes
2026-01-02 18:47:00,760 [Worker-49: Building] INFO  o.a.m.s.f.DefaultMavenResourcesFiltering - skip non existing resourceDirectory E:\Spring Security\Security\Security\src\test\resources
2026-01-02 18:47:07,111 [Worker-48: Building] INFO  o.a.m.s.f.DefaultMavenResourcesFiltering - Copying 1 resource from src\main\resources to target\classes
2026-01-02 18:47:07,115 [Worker-48: Building] INFO  o.a.m.s.f.DefaultMavenResourcesFiltering - Copying 0 resource from src\main\resources to target\classes
2026-01-02 18:47:07,117 [Worker-48: Building] INFO  o.a.m.s.f.DefaultMavenResourcesFiltering - skip non existing resourceDirectory E:\Spring Security\Security\Security\src\test\resources
2026-01-02 18:47:23,177 [Worker-50: Building] INFO  o.a.m.s.f.DefaultMavenResourcesFiltering - Copying 1 resource from src\main\resources to target\classes
2026-01-02 18:47:23,181 [Worker-50: Building] INFO  o.a.m.s.f.DefaultMavenResourcesFiltering - Copying 0 resource from src\main\resources to target\classes
2026-01-02 18:47:23,183 [Worker-50: Building] INFO  o.a.m.s.f.DefaultMavenResourcesFiltering - skip non existing resourceDirectory E:\Spring Security\Security\Security\src\test\resources
2026-01-02 18:47:27,258 [Worker-48: Building] INFO  o.a.m.s.f.DefaultMavenResourcesFiltering - Copying 1 resource from src\main\resources to target\classes
2026-01-02 18:47:27,265 [Worker-48: Building] INFO  o.a.m.s.f.DefaultMavenResourcesFiltering - Copying 0 resource from src\main\resources to target\classes
2026-01-02 18:47:27,269 [Worker-48: Building] INFO  o.a.m.s.f.DefaultMavenResourcesFiltering - skip non existing resourceDirectory E:\Spring Security\Security\Security\src\test\resources
2026-01-02 18:52:10,097 [Worker-45: Building] INFO  o.a.m.s.f.DefaultMavenResourcesFiltering - Copying 1 resource from src\main\resources to target\classes
2026-01-02 18:52:10,101 [Worker-45: Building] INFO  o.a.m.s.f.DefaultMavenResourcesFiltering - Copying 0 resource from src\main\resources to target\classes
2026-01-02 18:52:10,104 [Worker-45: Building] INFO  o.a.m.s.f.DefaultMavenResourcesFiltering - skip non existing resourceDirectory E:\Spring Security\Security\Security\src\test\resources
2026-01-02 18:52:33,294 [Worker-53: Building] INFO  o.a.m.s.f.DefaultMavenResourcesFiltering - Copying 1 resource from src\main\resources to target\classes
2026-01-02 18:52:33,302 [Worker-53: Building] INFO  o.a.m.s.f.DefaultMavenResourcesFiltering - Copying 0 resource from src\main\resources to target\classes
2026-01-02 18:52:33,304 [Worker-53: Building] INFO  o.a.m.s.f.DefaultMavenResourcesFiltering - skip non existing resourceDirectory E:\Spring Security\Security\Security\src\test\resources
2026-01-02 18:52:39,399 [Worker-54: Building] INFO  o.a.m.s.f.DefaultMavenResourcesFiltering - Copying 1 resource from src\main\resources to target\classes
2026-01-02 18:52:39,411 [Worker-54: Building] INFO  o.a.m.s.f.DefaultMavenResourcesFiltering - Copying 0 resource from src\main\resources to target\classes
2026-01-02 18:52:39,418 [Worker-54: Building] INFO  o.a.m.s.f.DefaultMavenResourcesFiltering - skip non existing resourceDirectory E:\Spring Security\Security\Security\src\test\resources
2026-01-02 18:53:19,165 [Worker-42: Building] INFO  o.a.m.s.f.DefaultMavenResourcesFiltering - Copying 1 resource from src\main\resources to target\classes
2026-01-02 18:53:19,171 [Worker-42: Building] INFO  o.a.m.s.f.DefaultMavenResourcesFiltering - Copying 0 resource from src\main\resources to target\classes
2026-01-02 18:53:19,174 [Worker-42: Building] INFO  o.a.m.s.f.DefaultMavenResourcesFiltering - skip non existing resourceDirectory E:\Spring Security\Security\Security\src\test\resources
2026-01-02 18:53:22,287 [Worker-54: Building] INFO  o.a.m.s.f.DefaultMavenResourcesFiltering - Copying 1 resource from src\main\resources to target\classes
2026-01-02 18:53:22,292 [Worker-54: Building] INFO  o.a.m.s.f.DefaultMavenResourcesFiltering - Copying 0 resource from src\main\resources to target\classes
2026-01-02 18:53:22,294 [Worker-54: Building] INFO  o.a.m.s.f.DefaultMavenResourcesFiltering - skip non existing resourceDirectory E:\Spring Security\Security\Security\src\test\resources
2026-01-02 18:57:05,147 [Worker-45: Building] INFO  o.a.m.s.f.DefaultMavenResourcesFiltering - Copying 1 resource from src\main\resources to target\classes
2026-01-02 18:57:05,151 [Worker-45: Building] INFO  o.a.m.s.f.DefaultMavenResourcesFiltering - Copying 0 resource from src\main\resources to target\classes
2026-01-02 18:57:05,155 [Worker-45: Building] INFO  o.a.m.s.f.DefaultMavenResourcesFiltering - skip non existing resourceDirectory E:\Spring Security\Security\Security\src\test\resources
2026-01-02 18:57:24,861 [Worker-55: Building] INFO  o.a.m.s.f.DefaultMavenResourcesFiltering - Copying 1 resource from src\main\resources to target\classes
2026-01-02 18:57:24,865 [Worker-55: Building] INFO  o.a.m.s.f.DefaultMavenResourcesFiltering - Copying 0 resource from src\main\resources to target\classes
2026-01-02 18:57:24,868 [Worker-55: Building] INFO  o.a.m.s.f.DefaultMavenResourcesFiltering - skip non existing resourceDirectory E:\Spring Security\Security\Security\src\test\resources
2026-01-02 18:57:50,387 [Worker-57: Building] INFO  o.a.m.s.f.DefaultMavenResourcesFiltering - Copying 1 resource from src\main\resources to target\classes
2026-01-02 18:57:50,391 [Worker-57: Building] INFO  o.a.m.s.f.DefaultMavenResourcesFiltering - Copying 0 resource from src\main\resources to target\classes
2026-01-02 18:57:50,393 [Worker-57: Building] INFO  o.a.m.s.f.DefaultMavenResourcesFiltering - skip non existing resourceDirectory E:\Spring Security\Security\Security\src\test\resources
2026-01-02 18:58:55,138 [Worker-52: Building] INFO  o.a.m.s.f.DefaultMavenResourcesFiltering - Copying 1 resource from src\main\resources to target\classes
2026-01-02 18:58:55,142 [Worker-52: Building] INFO  o.a.m.s.f.DefaultMavenResourcesFiltering - Copying 0 resource from src\main\resources to target\classes
2026-01-02 18:58:55,146 [Worker-52: Building] INFO  o.a.m.s.f.DefaultMavenResourcesFiltering - skip non existing resourceDirectory E:\Spring Security\Security\Security\src\test\resources
2026-01-02 18:59:02,794 [Worker-52: Building] INFO  o.a.m.s.f.DefaultMavenResourcesFiltering - Copying 1 resource from src\main\resources to target\classes
2026-01-02 18:59:02,798 [Worker-52: Building] INFO  o.a.m.s.f.DefaultMavenResourcesFiltering - Copying 0 resource from src\main\resources to target\classes
2026-01-02 18:59:02,801 [Worker-52: Building] INFO  o.a.m.s.f.DefaultMavenResourcesFiltering - skip non existing resourceDirectory E:\Spring Security\Security\Security\src\test\resources
2026-01-02 19:01:50,173 [Worker-58: Building] INFO  o.a.m.s.f.DefaultMavenResourcesFiltering - Copying 1 resource from src\main\resources to target\classes
2026-01-02 19:01:50,185 [Worker-58: Building] INFO  o.a.m.s.f.DefaultMavenResourcesFiltering - Copying 0 resource from src\main\resources to target\classes
2026-01-02 19:01:50,190 [Worker-58: Building] INFO  o.a.m.s.f.DefaultMavenResourcesFiltering - skip non existing resourceDirectory E:\Spring Security\Security\Security\src\test\resources
2026-01-02 19:02:39,590 [Worker-62: Building] INFO  o.a.m.s.f.DefaultMavenResourcesFiltering - Copying 0 resource from src\main\resources to target\classes
2026-01-02 19:02:39,591 [Worker-62: Building] INFO  o.a.m.s.f.DefaultMavenResourcesFiltering - Copying 0 resource from src\main\resources to target\classes
2026-01-02 19:02:39,594 [Worker-62: Building] INFO  o.a.m.s.f.DefaultMavenResourcesFiltering - skip non existing resourceDirectory E:\Spring Security\Security\Security\src\test\resources
2026-01-02 19:02:41,652 [Worker-53: Building] INFO  o.a.m.s.f.DefaultMavenResourcesFiltering - Copying 0 resource from src\main\resources to target\classes
2026-01-02 19:02:41,653 [Worker-53: Building] INFO  o.a.m.s.f.DefaultMavenResourcesFiltering - Copying 0 resource from src\main\resources to target\classes
2026-01-02 19:02:41,655 [Worker-53: Building] INFO  o.a.m.s.f.DefaultMavenResourcesFiltering - skip non existing resourceDirectory E:\Spring Security\Security\Security\src\test\resources
2026-01-02 19:32:17,297 [Worker-77: Building] INFO  o.a.m.s.f.DefaultMavenResourcesFiltering - Copying 1 resource from src\main\resources to target\classes
2026-01-02 19:32:17,303 [Worker-77: Building] INFO  o.a.m.s.f.DefaultMavenResourcesFiltering - Copying 0 resource from src\main\resources to target\classes
2026-01-02 19:32:17,308 [Worker-77: Building] INFO  o.a.m.s.f.DefaultMavenResourcesFiltering - skip non existing resourceDirectory E:\Spring Security\Security\Security\src\test\resources
2026-01-02 19:32:27,477 [Worker-75: Building] INFO  o.a.m.s.f.DefaultMavenResourcesFiltering - Copying 1 resource from src\main\resources to target\classes
2026-01-02 19:32:27,486 [Worker-75: Building] INFO  o.a.m.s.f.DefaultMavenResourcesFiltering - Copying 0 resource from src\main\resources to target\classes
2026-01-02 19:32:27,491 [Worker-75: Building] INFO  o.a.m.s.f.DefaultMavenResourcesFiltering - skip non existing resourceDirectory E:\Spring Security\Security\Security\src\test\resources
2026-01-02 19:34:13,349 [Worker-79: Building] INFO  o.a.m.s.f.DefaultMavenResourcesFiltering - Copying 1 resource from src\main\resources to target\classes
2026-01-02 19:34:13,361 [Worker-79: Building] INFO  o.a.m.s.f.DefaultMavenResourcesFiltering - Copying 0 resource from src\main\resources to target\classes
2026-01-02 19:34:13,368 [Worker-79: Building] INFO  o.a.m.s.f.DefaultMavenResourcesFiltering - skip non existing resourceDirectory E:\Spring Security\Security\Security\src\test\resources
2026-01-02 19:34:30,248 [Worker-78: Building] INFO  o.a.m.s.f.DefaultMavenResourcesFiltering - Copying 1 resource from src\main\resources to target\classes
2026-01-02 19:34:30,253 [Worker-78: Building] INFO  o.a.m.s.f.DefaultMavenResourcesFiltering - Copying 0 resource from src\main\resources to target\classes
2026-01-02 19:34:30,257 [Worker-78: Building] INFO  o.a.m.s.f.DefaultMavenResourcesFiltering - skip non existing resourceDirectory E:\Spring Security\Security\Security\src\test\resources
2026-01-02 19:34:34,658 [Worker-58: Building] INFO  o.a.m.s.f.DefaultMavenResourcesFiltering - Copying 1 resource from src\main\resources to target\classes
2026-01-02 19:34:34,663 [Worker-58: Building] INFO  o.a.m.s.f.DefaultMavenResourcesFiltering - Copying 0 resource from src\main\resources to target\classes
2026-01-02 19:34:34,665 [Worker-58: Building] INFO  o.a.m.s.f.DefaultMavenResourcesFiltering - skip non existing resourceDirectory E:\Spring Security\Security\Security\src\test\resources
2026-01-02 19:34:56,277 [Worker-76: Building] INFO  o.a.m.s.f.DefaultMavenResourcesFiltering - Copying 1 resource from src\main\resources to target\classes
2026-01-02 19:34:56,281 [Worker-76: Building] INFO  o.a.m.s.f.DefaultMavenResourcesFiltering - Copying 0 resource from src\main\resources to target\classes
2026-01-02 19:34:56,284 [Worker-76: Building] INFO  o.a.m.s.f.DefaultMavenResourcesFiltering - skip non existing resourceDirectory E:\Spring Security\Security\Security\src\test\resources
2026-01-02 19:36:45,935 [Worker-79: Building] INFO  o.a.m.s.f.DefaultMavenResourcesFiltering - Copying 1 resource from src\main\resources to target\classes
2026-01-02 19:36:45,950 [Worker-79: Building] INFO  o.a.m.s.f.DefaultMavenResourcesFiltering - Copying 0 resource from src\main\resources to target\classes
2026-01-02 19:36:45,957 [Worker-79: Building] INFO  o.a.m.s.f.DefaultMavenResourcesFiltering - skip non existing resourceDirectory E:\Spring Security\Security\Security\src\test\resources
2026-01-02 19:40:27,998 [Worker-83: Building] INFO  o.a.m.s.f.DefaultMavenResourcesFiltering - Copying 1 resource from src\main\resources to target\classes
2026-01-02 19:40:28,002 [Worker-83: Building] INFO  o.a.m.s.f.DefaultMavenResourcesFiltering - Copying 0 resource from src\main\resources to target\classes
2026-01-02 19:40:28,005 [Worker-83: Building] INFO  o.a.m.s.f.DefaultMavenResourcesFiltering - skip non existing resourceDirectory E:\Spring Security\Security\Security\src\test\resources
2026-01-02 19:40:40,322 [Worker-82: Building] INFO  o.a.m.s.f.DefaultMavenResourcesFiltering - Copying 1 resource from src\main\resources to target\classes
2026-01-02 19:40:40,334 [Worker-82: Building] INFO  o.a.m.s.f.DefaultMavenResourcesFiltering - Copying 0 resource from src\main\resources to target\classes
2026-01-02 19:40:40,339 [Worker-82: Building] INFO  o.a.m.s.f.DefaultMavenResourcesFiltering - skip non existing resourceDirectory E:\Spring Security\Security\Security\src\test\resources
2026-01-02 19:40:56,026 [Worker-80: Building] INFO  o.a.m.s.f.DefaultMavenResourcesFiltering - Copying 1 resource from src\main\resources to target\classes
2026-01-02 19:40:56,030 [Worker-80: Building] INFO  o.a.m.s.f.DefaultMavenResourcesFiltering - Copying 0 resource from src\main\resources to target\classes
2026-01-02 19:40:56,033 [Worker-80: Building] INFO  o.a.m.s.f.DefaultMavenResourcesFiltering - skip non existing resourceDirectory E:\Spring Security\Security\Security\src\test\resources
2026-01-02 19:47:07,350 [Worker-86: Building] INFO  o.a.m.s.f.DefaultMavenResourcesFiltering - Copying 1 resource from src\main\resources to target\classes
2026-01-02 19:47:07,355 [Worker-86: Building] INFO  o.a.m.s.f.DefaultMavenResourcesFiltering - Copying 0 resource from src\main\resources to target\classes
2026-01-02 19:47:07,356 [Worker-86: Building] INFO  o.a.m.s.f.DefaultMavenResourcesFiltering - skip non existing resourceDirectory E:\Spring Security\Security\Security\src\test\resources
2026-01-02 19:47:32,126 [Worker-86: Building] INFO  o.a.m.s.f.DefaultMavenResourcesFiltering - Copying 1 resource from src\main\resources to target\classes
2026-01-02 19:47:32,131 [Worker-86: Building] INFO  o.a.m.s.f.DefaultMavenResourcesFiltering - Copying 0 resource from src\main\resources to target\classes
2026-01-02 19:47:32,134 [Worker-86: Building] INFO  o.a.m.s.f.DefaultMavenResourcesFiltering - skip non existing resourceDirectory E:\Spring Security\Security\Security\src\test\resources
2026-01-02 19:57:35,358 [Worker-91: Building] INFO  o.a.m.s.f.DefaultMavenResourcesFiltering - Copying 1 resource from src\main\resources to target\classes
2026-01-02 19:57:35,363 [Worker-91: Building] INFO  o.a.m.s.f.DefaultMavenResourcesFiltering - Copying 0 resource from src\main\resources to target\classes
2026-01-02 19:57:35,367 [Worker-91: Building] INFO  o.a.m.s.f.DefaultMavenResourcesFiltering - skip non existing resourceDirectory E:\Spring Security\Security\Security\src\test\resources
2026-01-02 19:59:11,495 [Worker-87: Building] INFO  o.a.m.s.f.DefaultMavenResourcesFiltering - Copying 1 resource from src\main\resources to target\classes
2026-01-02 19:59:11,499 [Worker-87: Building] INFO  o.a.m.s.f.DefaultMavenResourcesFiltering - Copying 0 resource from src\main\resources to target\classes
2026-01-02 19:59:11,503 [Worker-87: Building] INFO  o.a.m.s.f.DefaultMavenResourcesFiltering - skip non existing resourceDirectory E:\Spring Security\Security\Security\src\test\resources
2026-01-02 20:02:23,644 [Worker-94: Building] INFO  o.a.m.s.f.DefaultMavenResourcesFiltering - Copying 1 resource from src\main\resources to target\classes
2026-01-02 20:02:23,649 [Worker-94: Building] INFO  o.a.m.s.f.DefaultMavenResourcesFiltering - Copying 0 resource from src\main\resources to target\classes
2026-01-02 20:02:23,651 [Worker-94: Building] INFO  o.a.m.s.f.DefaultMavenResourcesFiltering - skip non existing resourceDirectory E:\Spring Security\Security\Security\src\test\resources
2026-01-02 20:02:32,612 [Worker-94: Building] INFO  o.a.m.s.f.DefaultMavenResourcesFiltering - Copying 1 resource from src\main\resources to target\classes
2026-01-02 20:02:32,626 [Worker-94: Building] INFO  o.a.m.s.f.DefaultMavenResourcesFiltering - Copying 0 resource from src\main\resources to target\classes
2026-01-02 20:02:32,630 [Worker-94: Building] INFO  o.a.m.s.f.DefaultMavenResourcesFiltering - skip non existing resourceDirectory E:\Spring Security\Security\Security\src\test\resources
2026-01-02 20:02:41,080 [Worker-93: Building] INFO  o.a.m.s.f.DefaultMavenResourcesFiltering - Copying 1 resource from src\main\resources to target\classes
2026-01-02 20:02:41,084 [Worker-93: Building] INFO  o.a.m.s.f.DefaultMavenResourcesFiltering - Copying 0 resource from src\main\resources to target\classes
2026-01-02 20:02:41,087 [Worker-93: Building] INFO  o.a.m.s.f.DefaultMavenResourcesFiltering - skip non existing resourceDirectory E:\Spring Security\Security\Security\src\test\resources
2026-01-02 20:02:45,513 [Worker-94: Building] INFO  o.a.m.s.f.DefaultMavenResourcesFiltering - Copying 1 resource from src\main\resources to target\classes
2026-01-02 20:02:45,516 [Worker-94: Building] INFO  o.a.m.s.f.DefaultMavenResourcesFiltering - Copying 0 resource from src\main\resources to target\classes
2026-01-02 20:02:45,519 [Worker-94: Building] INFO  o.a.m.s.f.DefaultMavenResourcesFiltering - skip non existing resourceDirectory E:\Spring Security\Security\Security\src\test\resources
2026-01-02 20:02:47,864 [Worker-76: Building] INFO  o.a.m.s.f.DefaultMavenResourcesFiltering - Copying 1 resource from src\main\resources to target\classes
2026-01-02 20:02:47,868 [Worker-76: Building] INFO  o.a.m.s.f.DefaultMavenResourcesFiltering - Copying 0 resource from src\main\resources to target\classes
2026-01-02 20:02:47,870 [Worker-76: Building] INFO  o.a.m.s.f.DefaultMavenResourcesFiltering - skip non existing resourceDirectory E:\Spring Security\Security\Security\src\test\resources
2026-01-02 20:03:19,843 [Worker-96: Building] INFO  o.a.m.s.f.DefaultMavenResourcesFiltering - Copying 1 resource from src\main\resources to target\classes
2026-01-02 20:03:19,848 [Worker-96: Building] INFO  o.a.m.s.f.DefaultMavenResourcesFiltering - Copying 0 resource from src\main\resources to target\classes
2026-01-02 20:03:19,850 [Worker-96: Building] INFO  o.a.m.s.f.DefaultMavenResourcesFiltering - skip non existing resourceDirectory E:\Spring Security\Security\Security\src\test\resources
2026-01-02 20:03:49,377 [Worker-94: Building] INFO  o.a.m.s.f.DefaultMavenResourcesFiltering - Copying 1 resource from src\main\resources to target\classes
2026-01-02 20:03:49,381 [Worker-94: Building] INFO  o.a.m.s.f.DefaultMavenResourcesFiltering - Copying 0 resource from src\main\resources to target\classes
2026-01-02 20:03:49,383 [Worker-94: Building] INFO  o.a.m.s.f.DefaultMavenResourcesFiltering - skip non existing resourceDirectory E:\Spring Security\Security\Security\src\test\resources
2026-01-02 20:06:41,699 [Worker-76: Building] INFO  o.a.m.s.f.DefaultMavenResourcesFiltering - Copying 1 resource from src\main\resources to target\classes
2026-01-02 20:06:41,715 [Worker-76: Building] INFO  o.a.m.s.f.DefaultMavenResourcesFiltering - Copying 0 resource from src\main\resources to target\classes
2026-01-02 20:06:41,718 [Worker-76: Building] INFO  o.a.m.s.f.DefaultMavenResourcesFiltering - skip non existing resourceDirectory E:\Spring Security\Security\Security\src\test\resources
2026-01-02 20:06:44,445 [Worker-95: Building] INFO  o.a.m.s.f.DefaultMavenResourcesFiltering - Copying 1 resource from src\main\resources to target\classes
2026-01-02 20:06:44,450 [Worker-95: Building] INFO  o.a.m.s.f.DefaultMavenResourcesFiltering - Copying 0 resource from src\main\resources to target\classes
2026-01-02 20:06:44,452 [Worker-95: Building] INFO  o.a.m.s.f.DefaultMavenResourcesFiltering - skip non existing resourceDirectory E:\Spring Security\Security\Security\src\test\resources
2026-01-02 20:09:36,160 [Worker-95: Building] INFO  o.a.m.s.f.DefaultMavenResourcesFiltering - Copying 1 resource from src\main\resources to target\classes
2026-01-02 20:09:36,164 [Worker-95: Building] INFO  o.a.m.s.f.DefaultMavenResourcesFiltering - Copying 0 resource from src\main\resources to target\classes
2026-01-02 20:09:36,166 [Worker-95: Building] INFO  o.a.m.s.f.DefaultMavenResourcesFiltering - skip non existing resourceDirectory E:\Spring Security\Security\Security\src\test\resources
2026-01-07 18:50:10,412 [Worker-20: Loading available Gradle versions] INFO  o.e.b.c.i.u.g.PublishedGradleVersions - Gradle version information cache is out-of-date. Trying to update.
2026-01-07 18:55:09,633 [Worker-43: Building] INFO  o.a.m.s.f.DefaultMavenResourcesFiltering - Copying 1 resource from src\main\resources to target\classes
2026-01-07 18:55:09,692 [Worker-43: Building] INFO  o.a.m.s.f.DefaultMavenResourcesFiltering - Copying 0 resource from src\main\resources to target\classes
2026-01-07 18:55:09,699 [Worker-43: Building] INFO  o.a.m.s.f.DefaultMavenResourcesFiltering - skip non existing resourceDirectory E:\Spring Security\Security\Security\src\test\resources
2026-01-07 18:55:11,462 [Worker-43: Building] INFO  o.a.m.s.f.DefaultMavenResourcesFiltering - Copying 1 resource from src\main\resources to target\classes
2026-01-07 18:55:11,507 [Worker-43: Building] INFO  o.a.m.s.f.DefaultMavenResourcesFiltering - Copying 0 resource from src\main\resources to target\classes
2026-01-07 18:55:11,513 [Worker-43: Building] INFO  o.a.m.s.f.DefaultMavenResourcesFiltering - skip non existing resourceDirectory E:\Spring Security\Security\Security\src\test\resources
2026-01-07 18:59:28,728 [Worker-45: Building] INFO  o.a.m.s.f.DefaultMavenResourcesFiltering - Copying 1 resource from src\main\resources to target\classes
2026-01-07 18:59:28,747 [Worker-45: Building] INFO  o.a.m.s.f.DefaultMavenResourcesFiltering - Copying 0 resource from src\main\resources to target\classes
2026-01-07 18:59:28,749 [Worker-45: Building] INFO  o.a.m.s.f.DefaultMavenResourcesFiltering - skip non existing resourceDirectory E:\Spring Security\Security\Security\src\test\resources
2026-01-07 19:29:00,396 [Worker-56: Building] INFO  o.a.m.s.f.DefaultMavenResourcesFiltering - Copying 0 resource from src\main\resources to target\classes
2026-01-07 19:29:00,397 [Worker-56: Building] INFO  o.a.m.s.f.DefaultMavenResourcesFiltering - Copying 0 resource from src\main\resources to target\classes
2026-01-07 19:29:00,403 [Worker-56: Building] INFO  o.a.m.s.f.DefaultMavenResourcesFiltering - skip non existing resourceDirectory E:\Spring Security\Security\Security\src\test\resources
2026-01-07 19:29:02,502 [Worker-58: Building] INFO  o.a.m.s.f.DefaultMavenResourcesFiltering - Copying 0 resource from src\main\resources to target\classes
2026-01-07 19:29:02,502 [Worker-58: Building] INFO  o.a.m.s.f.DefaultMavenResourcesFiltering - Copying 0 resource from src\main\resources to target\classes
2026-01-07 19:29:02,508 [Worker-58: Building] INFO  o.a.m.s.f.DefaultMavenResourcesFiltering - skip non existing resourceDirectory E:\Spring Security\Security\Security\src\test\resources
2026-01-07 21:49:15,312 [Worker-63: Building] INFO  o.a.m.s.f.DefaultMavenResourcesFiltering - Copying 1 resource from src\main\resources to target\classes
2026-01-07 21:49:15,341 [Worker-63: Building] INFO  o.a.m.s.f.DefaultMavenResourcesFiltering - Copying 0 resource from src\main\resources to target\classes
2026-01-07 21:49:15,347 [Worker-63: Building] INFO  o.a.m.s.f.DefaultMavenResourcesFiltering - skip non existing resourceDirectory E:\Spring Security\Security\Security\src\test\resources
2026-01-07 22:41:25,603 [Worker-76: Building] INFO  o.a.m.s.f.DefaultMavenResourcesFiltering - Copying 1 resource from src\main\resources to target\classes
2026-01-07 22:41:25,624 [Worker-76: Building] INFO  o.a.m.s.f.DefaultMavenResourcesFiltering - Copying 0 resource from src\main\resources to target\classes
2026-01-07 22:41:25,632 [Worker-76: Building] INFO  o.a.m.s.f.DefaultMavenResourcesFiltering - skip non existing resourceDirectory E:\Spring Security\Security\Security\src\test\resources
2026-01-07 22:42:32,115 [Worker-73: Building] INFO  o.a.m.s.f.DefaultMavenResourcesFiltering - Copying 1 resource from src\main\resources to target\classes
2026-01-07 22:42:32,119 [Worker-73: Building] INFO  o.a.m.s.f.DefaultMavenResourcesFiltering - Copying 0 resource from src\main\resources to target\classes
2026-01-07 22:42:32,122 [Worker-73: Building] INFO  o.a.m.s.f.DefaultMavenResourcesFiltering - skip non existing resourceDirectory E:\Spring Security\Security\Security\src\test\resources
2026-01-07 23:15:39,521 [Worker-83: Building] INFO  o.a.m.s.f.DefaultMavenResourcesFiltering - Copying 1 resource from src\main\resources to target\classes
2026-01-07 23:15:39,535 [Worker-83: Building] INFO  o.a.m.s.f.DefaultMavenResourcesFiltering - Copying 0 resource from src\main\resources to target\classes
2026-01-07 23:15:39,540 [Worker-83: Building] INFO  o.a.m.s.f.DefaultMavenResourcesFiltering - skip non existing resourceDirectory E:\Spring Security\Security\Security\src\test\resources
2026-01-07 23:46:38,170 [Worker-91: Building] INFO  o.a.m.s.f.DefaultMavenResourcesFiltering - Copying 1 resource from src\main\resources to target\classes
2026-01-07 23:46:38,176 [Worker-91: Building] INFO  o.a.m.s.f.DefaultMavenResourcesFiltering - Copying 0 resource from src\main\resources to target\classes
2026-01-07 23:46:38,180 [Worker-91: Building] INFO  o.a.m.s.f.DefaultMavenResourcesFiltering - skip non existing resourceDirectory E:\Spring Security\Security\Security\src\test\resources
2026-01-08 18:46:19,801 [Worker-6: Loading available Gradle versions] INFO  o.e.b.c.i.u.g.PublishedGradleVersions - Gradle version information cache is up-to-date. Trying to read.
2026-01-08 19:14:09,582 [Worker-44: Building] INFO  o.a.m.s.f.DefaultMavenResourcesFiltering - Copying 1 resource from src\main\resources to target\classes
2026-01-08 19:14:09,616 [Worker-44: Building] INFO  o.a.m.s.f.DefaultMavenResourcesFiltering - Copying 0 resource from src\main\resources to target\classes
2026-01-08 19:14:09,620 [Worker-44: Building] INFO  o.a.m.s.f.DefaultMavenResourcesFiltering - skip non existing resourceDirectory E:\Spring Security\Security\Security\src\test\resources
2026-01-08 19:16:41,306 [Worker-45: Building] INFO  o.a.m.s.f.DefaultMavenResourcesFiltering - Copying 1 resource from src\main\resources to target\classes
2026-01-08 19:16:41,324 [Worker-45: Building] INFO  o.a.m.s.f.DefaultMavenResourcesFiltering - Copying 0 resource from src\main\resources to target\classes
2026-01-08 19:16:41,330 [Worker-45: Building] INFO  o.a.m.s.f.DefaultMavenResourcesFiltering - skip non existing resourceDirectory E:\Spring Security\Security\Security\src\test\resources
2026-01-08 19:17:10,058 [Worker-21: Building] INFO  o.a.m.s.f.DefaultMavenResourcesFiltering - Copying 1 resource from src\main\resources to target\classes
2026-01-08 19:17:10,062 [Worker-21: Building] INFO  o.a.m.s.f.DefaultMavenResourcesFiltering - Copying 0 resource from src\main\resources to target\classes
2026-01-08 19:17:10,066 [Worker-21: Building] INFO  o.a.m.s.f.DefaultMavenResourcesFiltering - skip non existing resourceDirectory E:\Spring Security\Security\Security\src\test\resources
2026-01-08 19:17:49,146 [Worker-21: Building] INFO  o.a.m.s.f.DefaultMavenResourcesFiltering - Copying 1 resource from src\main\resources to target\classes
2026-01-08 19:17:49,180 [Worker-21: Building] INFO  o.a.m.s.f.DefaultMavenResourcesFiltering - Copying 0 resource from src\main\resources to target\classes
2026-01-08 19:17:49,187 [Worker-21: Building] INFO  o.a.m.s.f.DefaultMavenResourcesFiltering - skip non existing resourceDirectory E:\Spring Security\Security\Security\src\test\resources
2026-01-08 19:17:59,307 [Worker-45: Launching Security - SecurityApplication] INFO  o.a.m.s.f.DefaultMavenResourcesFiltering - Copying 1 resource from src\main\resources to target\classes
2026-01-08 19:17:59,315 [Worker-45: Launching Security - SecurityApplication] INFO  o.a.m.s.f.DefaultMavenResourcesFiltering - Copying 0 resource from src\main\resources to target\classes
2026-01-08 19:17:59,317 [Worker-45: Launching Security - SecurityApplication] INFO  o.a.m.s.f.DefaultMavenResourcesFiltering - skip non existing resourceDirectory E:\Spring Security\Security\Security\src\test\resources
2026-01-08 19:18:39,357 [Worker-45: Building] INFO  o.a.m.s.f.DefaultMavenResourcesFiltering - Copying 1 resource from src\main\resources to target\classes
2026-01-08 19:18:39,363 [Worker-45: Building] INFO  o.a.m.s.f.DefaultMavenResourcesFiltering - Copying 0 resource from src\main\resources to target\classes
2026-01-08 19:18:39,367 [Worker-45: Building] INFO  o.a.m.s.f.DefaultMavenResourcesFiltering - skip non existing resourceDirectory E:\Spring Security\Security\Security\src\test\resources
2026-01-08 19:20:11,301 [Worker-42: Building] INFO  o.a.m.s.f.DefaultMavenResourcesFiltering - Copying 1 resource from src\main\resources to target\classes
2026-01-08 19:20:11,315 [Worker-42: Building] INFO  o.a.m.s.f.DefaultMavenResourcesFiltering - Copying 0 resource from src\main\resources to target\classes
2026-01-08 19:20:11,320 [Worker-42: Building] INFO  o.a.m.s.f.DefaultMavenResourcesFiltering - skip non existing resourceDirectory E:\Spring Security\Security\Security\src\test\resources
2026-01-08 19:26:39,409 [Worker-42: Building] INFO  o.a.m.s.f.DefaultMavenResourcesFiltering - Copying 1 resource from src\main\resources to target\classes
2026-01-08 19:26:39,425 [Worker-42: Building] INFO  o.a.m.s.f.DefaultMavenResourcesFiltering - Copying 0 resource from src\main\resources to target\classes
2026-01-08 19:26:39,431 [Worker-42: Building] INFO  o.a.m.s.f.DefaultMavenResourcesFiltering - skip non existing resourceDirectory E:\Spring Security\Security\Security\src\test\resources
2026-01-08 19:27:15,767 [Worker-51: Building] INFO  o.a.m.s.f.DefaultMavenResourcesFiltering - Copying 1 resource from src\main\resources to target\classes
2026-01-08 19:27:15,776 [Worker-51: Building] INFO  o.a.m.s.f.DefaultMavenResourcesFiltering - Copying 0 resource from src\main\resources to target\classes
2026-01-08 19:27:15,779 [Worker-51: Building] INFO  o.a.m.s.f.DefaultMavenResourcesFiltering - skip non existing resourceDirectory E:\Spring Security\Security\Security\src\test\resources
2026-01-08 19:32:21,769 [Worker-51: Building] INFO  o.a.m.s.f.DefaultMavenResourcesFiltering - Copying 1 resource from src\main\resources to target\classes
2026-01-08 19:32:21,774 [Worker-51: Building] INFO  o.a.m.s.f.DefaultMavenResourcesFiltering - Copying 0 resource from src\main\resources to target\classes
2026-01-08 19:32:21,780 [Worker-51: Building] INFO  o.a.m.s.f.DefaultMavenResourcesFiltering - skip non existing resourceDirectory E:\Spring Security\Security\Security\src\test\resources
2026-01-08 19:33:11,392 [Worker-49: Building] INFO  o.a.m.s.f.DefaultMavenResourcesFiltering - Copying 1 resource from src\main\resources to target\classes
2026-01-08 19:33:11,398 [Worker-49: Building] INFO  o.a.m.s.f.DefaultMavenResourcesFiltering - Copying 0 resource from src\main\resources to target\classes
2026-01-08 19:33:11,403 [Worker-49: Building] INFO  o.a.m.s.f.DefaultMavenResourcesFiltering - skip non existing resourceDirectory E:\Spring Security\Security\Security\src\test\resources
2026-01-08 19:35:21,435 [Worker-42: Launching Security - SecurityApplication] INFO  o.a.m.s.f.DefaultMavenResourcesFiltering - Copying 1 resource from src\main\resources to target\classes
2026-01-08 19:35:21,452 [Worker-42: Launching Security - SecurityApplication] INFO  o.a.m.s.f.DefaultMavenResourcesFiltering - Copying 0 resource from src\main\resources to target\classes
2026-01-08 19:35:21,459 [Worker-42: Launching Security - SecurityApplication] INFO  o.a.m.s.f.DefaultMavenResourcesFiltering - skip non existing resourceDirectory E:\Spring Security\Security\Security\src\test\resources
2026-01-08 19:37:53,816 [Worker-55: Building] INFO  o.e.m.c.i.l.LifecycleMappingFactory - Using org.eclipse.m2e.jdt.JarLifecycleMapping lifecycle mapping for MavenProject: com.springSecurity:Security:0.0.1-SNAPSHOT @ E:\Spring Security\Security\Security\pom.xml.
2026-01-08 19:37:54,714 [Worker-55: Building] INFO  o.e.m.c.i.e.AbstractTransferListenerAdapter - Downloading https://repo.maven.apache.org/maven2/com/fasterxml/jackson/core/jackson-databind/2.20.1/jackson-databind-2.20.1.pom
2026-01-08 19:37:54,727 [Worker-55: Building] INFO  o.e.m.c.i.e.AbstractTransferListenerAdapter - Downloaded https://repo.maven.apache.org/maven2/com/fasterxml/jackson/core/jackson-databind/2.20.1/jackson-databind-2.20.1.pom
2026-01-08 19:37:54,808 [Worker-55: Building] INFO  o.e.m.c.i.e.AbstractTransferListenerAdapter - Downloading https://repo.maven.apache.org/maven2/com/fasterxml/jackson/jackson-base/2.20.1/jackson-base-2.20.1.pom
2026-01-08 19:37:54,815 [Worker-55: Building] INFO  o.e.m.c.i.e.AbstractTransferListenerAdapter - Downloaded https://repo.maven.apache.org/maven2/com/fasterxml/jackson/jackson-base/2.20.1/jackson-base-2.20.1.pom
2026-01-08 19:37:54,903 [Worker-55: Building] INFO  o.e.m.c.i.e.AbstractTransferListenerAdapter - Downloading https://repo.maven.apache.org/maven2/com/fasterxml/jackson/core/jackson-core/2.20.1/jackson-core-2.20.1.pom
2026-01-08 19:37:54,909 [Worker-55: Building] INFO  o.e.m.c.i.e.AbstractTransferListenerAdapter - Downloaded https://repo.maven.apache.org/maven2/com/fasterxml/jackson/core/jackson-core/2.20.1/jackson-core-2.20.1.pom
2026-01-08 19:37:55,223 [Worker-55: Building] INFO  o.e.m.c.i.e.AbstractTransferListenerAdapter - Downloading https://repo.maven.apache.org/maven2/com/fasterxml/jackson/core/jackson-databind/2.20.1/jackson-databind-2.20.1.jar
2026-01-08 19:37:55,444 [Worker-55: Building] INFO  o.e.m.c.i.e.AbstractTransferListenerAdapter - Downloaded https://repo.maven.apache.org/maven2/com/fasterxml/jackson/core/jackson-databind/2.20.1/jackson-databind-2.20.1.jar
2026-01-08 19:37:55,702 [BasicRepositoryConnector-repo.maven.apache.org-0-0] INFO  o.e.m.c.i.e.AbstractTransferListenerAdapter - Downloading https://repo.maven.apache.org/maven2/com/fasterxml/jackson/core/jackson-core/2.20.1/jackson-core-2.20.1.jar
2026-01-08 19:37:55,742 [BasicRepositoryConnector-repo.maven.apache.org-0-0] INFO  o.e.m.c.i.e.AbstractTransferListenerAdapter - Downloaded https://repo.maven.apache.org/maven2/com/fasterxml/jackson/core/jackson-core/2.20.1/jackson-core-2.20.1.jar
2026-01-08 19:37:56,083 [Worker-55: Building] INFO  o.a.m.s.f.DefaultMavenResourcesFiltering - Copying 0 resource from src\main\resources to target\classes
2026-01-08 19:37:56,084 [Worker-55: Building] INFO  o.a.m.s.f.DefaultMavenResourcesFiltering - Copying 0 resource from src\main\resources to target\classes
2026-01-08 19:37:56,088 [Worker-55: Building] INFO  o.a.m.s.f.DefaultMavenResourcesFiltering - skip non existing resourceDirectory E:\Spring Security\Security\Security\src\test\resources
2026-01-08 19:37:57,178 [Worker-52: Download sources and javadoc] INFO  o.e.m.c.i.e.AbstractTransferListenerAdapter - Downloading https://repo.maven.apache.org/maven2/io/jsonwebtoken/jjwt-api/0.11.5/jjwt-api-0.11.5-sources.jar
2026-01-08 19:37:57,219 [Worker-52: Download sources and javadoc] INFO  o.e.m.c.i.e.AbstractTransferListenerAdapter - Downloaded https://repo.maven.apache.org/maven2/io/jsonwebtoken/jjwt-api/0.11.5/jjwt-api-0.11.5-sources.jar
2026-01-08 19:37:57,225 [Worker-52: Download sources and javadoc] INFO  o.e.m.j.internal.DownloadSourcesJob - Downloaded sources for io.jsonwebtoken:jjwt-api:0.11.5
2026-01-08 19:37:57,337 [Worker-48: Building] INFO  o.a.m.s.f.DefaultMavenResourcesFiltering - Copying 1 resource from src\main\resources to target\classes
2026-01-08 19:37:57,354 [Worker-48: Building] INFO  o.a.m.s.f.DefaultMavenResourcesFiltering - Copying 0 resource from src\main\resources to target\classes
2026-01-08 19:37:57,356 [Worker-48: Building] INFO  o.a.m.s.f.DefaultMavenResourcesFiltering - skip non existing resourceDirectory E:\Spring Security\Security\Security\src\test\resources
2026-01-08 19:37:57,372 [Worker-52: Download sources and javadoc] INFO  o.e.m.c.i.e.AbstractTransferListenerAdapter - Downloading https://repo.maven.apache.org/maven2/io/jsonwebtoken/jjwt-impl/0.11.5/jjwt-impl-0.11.5-sources.jar
2026-01-08 19:37:57,388 [Worker-52: Download sources and javadoc] INFO  o.e.m.c.i.e.AbstractTransferListenerAdapter - Downloaded https://repo.maven.apache.org/maven2/io/jsonwebtoken/jjwt-impl/0.11.5/jjwt-impl-0.11.5-sources.jar
2026-01-08 19:37:57,392 [Worker-52: Download sources and javadoc] INFO  o.e.m.j.internal.DownloadSourcesJob - Downloaded sources for io.jsonwebtoken:jjwt-impl:0.11.5
2026-01-08 19:37:58,048 [Worker-52: Download sources and javadoc] INFO  o.e.m.c.i.e.AbstractTransferListenerAdapter - Downloading https://repo.maven.apache.org/maven2/io/jsonwebtoken/jjwt-jackson/0.11.5/jjwt-jackson-0.11.5-sources.jar
2026-01-08 19:37:58,060 [Worker-52: Download sources and javadoc] INFO  o.e.m.c.i.e.AbstractTransferListenerAdapter - Downloaded https://repo.maven.apache.org/maven2/io/jsonwebtoken/jjwt-jackson/0.11.5/jjwt-jackson-0.11.5-sources.jar
2026-01-08 19:37:58,068 [Worker-52: Download sources and javadoc] INFO  o.e.m.j.internal.DownloadSourcesJob - Downloaded sources for io.jsonwebtoken:jjwt-jackson:0.11.5
2026-01-08 19:37:58,504 [Worker-52: Download sources and javadoc] INFO  o.e.m.c.i.e.AbstractTransferListenerAdapter - Downloading https://repo.maven.apache.org/maven2/com/fasterxml/jackson/core/jackson-databind/2.20.1/jackson-databind-2.20.1-sources.jar
2026-01-08 19:37:58,701 [Worker-52: Download sources and javadoc] INFO  o.e.m.c.i.e.AbstractTransferListenerAdapter - Downloaded https://repo.maven.apache.org/maven2/com/fasterxml/jackson/core/jackson-databind/2.20.1/jackson-databind-2.20.1-sources.jar
2026-01-08 19:37:58,706 [Worker-52: Download sources and javadoc] INFO  o.e.m.j.internal.DownloadSourcesJob - Downloaded sources for com.fasterxml.jackson.core:jackson-databind:2.20.1
2026-01-08 19:37:58,842 [Worker-52: Download sources and javadoc] INFO  o.e.m.c.i.e.AbstractTransferListenerAdapter - Downloading https://repo.maven.apache.org/maven2/com/fasterxml/jackson/core/jackson-core/2.20.1/jackson-core-2.20.1-sources.jar
2026-01-08 19:37:58,937 [Worker-52: Download sources and javadoc] INFO  o.e.m.c.i.e.AbstractTransferListenerAdapter - Downloaded https://repo.maven.apache.org/maven2/com/fasterxml/jackson/core/jackson-core/2.20.1/jackson-core-2.20.1-sources.jar
2026-01-08 19:37:58,941 [Worker-52: Download sources and javadoc] INFO  o.e.m.j.internal.DownloadSourcesJob - Downloaded sources for com.fasterxml.jackson.core:jackson-core:2.20.1
2026-01-08 19:38:10,384 [Worker-55: Building] INFO  o.e.m.c.i.l.LifecycleMappingFactory - Using org.eclipse.m2e.jdt.JarLifecycleMapping lifecycle mapping for MavenProject: com.springSecurity:Security:0.0.1-SNAPSHOT @ E:\Spring Security\Security\Security\pom.xml.
2026-01-08 19:38:11,158 [Worker-55: Building] INFO  o.a.m.s.f.DefaultMavenResourcesFiltering - Copying 0 resource from src\main\resources to target\classes
2026-01-08 19:38:11,159 [Worker-55: Building] INFO  o.a.m.s.f.DefaultMavenResourcesFiltering - Copying 0 resource from src\main\resources to target\classes
2026-01-08 19:38:11,163 [Worker-55: Building] INFO  o.a.m.s.f.DefaultMavenResourcesFiltering - skip non existing resourceDirectory E:\Spring Security\Security\Security\src\test\resources
2026-01-08 22:23:22,543 [Worker-65: Building] INFO  o.a.m.s.f.DefaultMavenResourcesFiltering - Copying 1 resource from src\main\resources to target\classes
2026-01-08 22:23:22,583 [Worker-65: Building] INFO  o.a.m.s.f.DefaultMavenResourcesFiltering - Copying 0 resource from src\main\resources to target\classes
2026-01-08 22:23:22,589 [Worker-65: Building] INFO  o.a.m.s.f.DefaultMavenResourcesFiltering - skip non existing resourceDirectory E:\Spring Security\Security\Security\src\test\resources
2026-01-08 22:32:25,964 [Worker-65: Building] INFO  o.a.m.s.f.DefaultMavenResourcesFiltering - Copying 1 resource from src\main\resources to target\classes
2026-01-08 22:32:25,975 [Worker-65: Building] INFO  o.a.m.s.f.DefaultMavenResourcesFiltering - Copying 0 resource from src\main\resources to target\classes
2026-01-08 22:32:25,980 [Worker-65: Building] INFO  o.a.m.s.f.DefaultMavenResourcesFiltering - skip non existing resourceDirectory E:\Spring Security\Security\Security\src\test\resources
2026-01-08 22:33:47,480 [Worker-59: Launching Security - SecurityApplication] INFO  o.a.m.s.f.DefaultMavenResourcesFiltering - Copying 1 resource from src\main\resources to target\classes
2026-01-08 22:33:47,487 [Worker-59: Launching Security - SecurityApplication] INFO  o.a.m.s.f.DefaultMavenResourcesFiltering - Copying 0 resource from src\main\resources to target\classes
2026-01-08 22:33:47,491 [Worker-59: Launching Security - SecurityApplication] INFO  o.a.m.s.f.DefaultMavenResourcesFiltering - skip non existing resourceDirectory E:\Spring Security\Security\Security\src\test\resources
2026-01-08 22:38:01,745 [Worker-63: Launching Security - SecurityApplication] INFO  o.a.m.s.f.DefaultMavenResourcesFiltering - Copying 1 resource from src\main\resources to target\classes
2026-01-08 22:38:01,763 [Worker-63: Launching Security - SecurityApplication] INFO  o.a.m.s.f.DefaultMavenResourcesFiltering - Copying 0 resource from src\main\resources to target\classes
2026-01-08 22:38:01,767 [Worker-63: Launching Security - SecurityApplication] INFO  o.a.m.s.f.DefaultMavenResourcesFiltering - skip non existing resourceDirectory E:\Spring Security\Security\Security\src\test\resources
2026-01-08 22:48:31,773 [Worker-52: Building] INFO  o.a.m.s.f.DefaultMavenResourcesFiltering - Copying 1 resource from src\main\resources to target\classes
2026-01-08 22:48:31,778 [Worker-52: Building] INFO  o.a.m.s.f.DefaultMavenResourcesFiltering - Copying 0 resource from src\main\resources to target\classes
2026-01-08 22:48:31,780 [Worker-52: Building] INFO  o.a.m.s.f.DefaultMavenResourcesFiltering - skip non existing resourceDirectory E:\Spring Security\Security\Security\src\test\resources
2026-01-08 22:48:53,186 [Worker-66: Building] INFO  o.a.m.s.f.DefaultMavenResourcesFiltering - Copying 1 resource from src\main\resources to target\classes
2026-01-08 22:48:53,199 [Worker-66: Building] INFO  o.a.m.s.f.DefaultMavenResourcesFiltering - Copying 0 resource from src\main\resources to target\classes
2026-01-08 22:48:53,201 [Worker-66: Building] INFO  o.a.m.s.f.DefaultMavenResourcesFiltering - skip non existing resourceDirectory E:\Spring Security\Security\Security\src\test\resources
2026-01-08 22:48:55,483 [Worker-53: Building] INFO  o.a.m.s.f.DefaultMavenResourcesFiltering - Copying 1 resource from src\main\resources to target\classes
2026-01-08 22:48:55,486 [Worker-53: Building] INFO  o.a.m.s.f.DefaultMavenResourcesFiltering - Copying 0 resource from src\main\resources to target\classes
2026-01-08 22:48:55,489 [Worker-53: Building] INFO  o.a.m.s.f.DefaultMavenResourcesFiltering - skip non existing resourceDirectory E:\Spring Security\Security\Security\src\test\resources
2026-01-08 22:49:23,006 [Worker-53: Building] INFO  o.a.m.s.f.DefaultMavenResourcesFiltering - Copying 1 resource from src\main\resources to target\classes
2026-01-08 22:49:23,016 [Worker-53: Building] INFO  o.a.m.s.f.DefaultMavenResourcesFiltering - Copying 0 resource from src\main\resources to target\classes
2026-01-08 22:49:23,020 [Worker-53: Building] INFO  o.a.m.s.f.DefaultMavenResourcesFiltering - skip non existing resourceDirectory E:\Spring Security\Security\Security\src\test\resources
